video_id,pt_count
Oy0zq8YzY9w,1038
TAwFABqV7JQ,859
OUzW2ssrgtU,790
9Ue2bY09_lU,729
k_092RecuvQ,728
UHdgiLXCuJc,693
S-u_e_D7grU,646
amZ3fANPGIE,637
m3l179Avv08,622
tv2nyeQdCl8,613
_FBO5F1P_0Y,611
_-V9IelOF2Y,592
CZI2HKEGO14,591
3hKZm_6JE-o,582
axkVm088tG0,565
UVdEzIlScp4,560
h_n47IOmWSs,560
toVowg8TprI,560
_YxDtbsZdrg,551
-w88DcCyLqo,545
0HZPyhnErFo,542
_O4xvrbQ_uw,535
N7GiUYYJh7w,529
3tQ6YhtF0Xk,528
Xenstc6mHWs,525
SdcCmALImUI,522
k5f-L4jWvUY,521
R3JenhhtEus,520
hmL8al8twIE,519
6x7kwl63TZM,518
JE6GiQR-BZ8,517
U7tBSTzrZig,516
LoDF4iN2QoE,504
ykDwAbEn1O0,499
aweBy8W97gY,498
0en6s3i_WPA,495
nclzBtV4hh0,488
HL0TnWXLnzs,486
GoFmhY0q7Uw,484
kmse3JoDeeg,483
aa4vdIThOYY,482
503kxoS79zc,478
-Ac3MwMrIVU,477
g9Id_Rb4H2k,474
y-2E8iho3YY,473
CjBQ_TPG868,470
hEcL9UwTy-s,469
XJfksdKyMEw,467
j6nSDQu1csE,465
OPU5zBjO0g4,463
ZLcyBj-ZuIM,461
yXFVH4JBh_4,461
i-5rdnmcod0,459
an1xCA5-UHw,455
xJ7OrD9DINU,454
y-k8p2UFu9c,453
asp7LRrLoec,446
INuwqHzBFC0,445
xLhz4U5s-bA,444
aFCyO05Tiss,442
jWklGswHJIY,442
rO5A6pg1XXo,441
54hvX5uWu9A,440
5JpepqoyxSA,440
DMmkbB8lKuE,440
ay_ncJtgn-k,440
8T9xavd7Y0Y,438
pE0AYqWzfUc,437
CU0p5pEFoq4,435
UID1YQie-M8,435
re51hMix8c4,435
ReJM3mqDSfw,433
qTq9lYphz9g,432
qn1gHFsrdRA,430
EHIg6N21rak,429
J-FLORGDGl4,429
STDycOxF528,429
Hyvshunw9b8,427
5k9ElM6Makg,424
BJ4IGiodGtU,424
H7oSfMGQh4U,423
49351Hh-k4Y,422
A5owvmEVCEU,421
wXXgaF_tUFk,421
ScD39SZvPI8,420
SwR6BLLRXBE,420
lR5kBlP-ee4,416
rY-RVP9r7SA,416
9GAnNC4cIEc,415
Js6ctTbi7XQ,415
0104VRD5Qhk,414
v8nIp40Q574,413
U4BzAdwUfJA,412
URyL0RPo5Lg,412
eJdPgTYR4X0,412
wAhu0g_4RQQ,410
9mx2i-4Mi7c,409
P9eMvXBXtFE,408
xqxgoW4Gl4g,408
Ix3SrxFyj_g,407
TbNzrQQUxqI,404
ecNLcNBwajc,404
cmUrsAamBaU,403
nXzBicioJGw,403
0cF-J1M2eIs,401
TFxl5fV47E4,401
QqkR7SXUhGE,399
A7stFNp1J7E,398
JbHZ9YJIN1Q,397
svjHNMZZFFM,396
JJ6HSnZaQdY,394
0qWhYM3MRtI,393
gSf6AU8CWsk,392
INy8qAIu7Nw,391
2S8GeNmbRsk,390
sB_JZLp521g,390
_A-tPnOaxbE,389
iyoRHDkJKlo,389
hkIJCzc9nQ8,388
oMWu7YqVP1E,388
7jty5PGLsqI,386
FpAR8TI_Nv4,386
JY6pw4rkF58,386
I4r6CwSWZnw,384
gGomn8nCABE,384
gNUWbqZzvSc,384
podzU99AI9U,384
DmCmAUlwhCI,383
ex_a8L7rwXg,383
cVpS4qbMlN0,382
dvUYZDNjd1o,382
zc9pV2bimAo,382
lz53nunjNB8,381
q1Vc2PexUCw,380
D26v0zq9-vA,379
FB03ZSJeOF8,378
0SKg5O13010,377
uJHFcu1dwdo,377
8QzG0cepFh8,376
Dt26v5geni8,376
DtmZjFBMU90,376
QIWohtuFVUM,376
XBTmE1OrZJU,376
iT0wfFhTd_Y,375
ytJA8fwP728,375
VgSlln21v3U,374
_SIMLVezH48,374
Ii6QGLsF0tI,373
VCPBNZwFBf0,373
y9D6js1spoQ,373
51iSwav2tLg,371
CBjsvW1j1WI,371
qESynVZaUV8,371
I6f5PX1qrVE,370
oYgmuEhTrpo,370
qmWrMnvnoLI,370
vfdNQWn-VRM,370
2ZJwbfNxCys,369
4fim1m8WyXA,368
CDFGxdfJfo8,368
nqIJ1zkdStE,368
1kVGb9eOeOk,367
OwpaDQJ3eu8,367
RR5YLzJaUVE,367
wD15tbVNpZs,367
an0l0osfNF0,366
eJo2geFQs9Y,366
avbaXEy7CS0,365
fez7X_oevNs,365
4F0_y1aA88E,362
jaVxD7s4_tA,362
JFcBuVbwrQc,361
hLG0tvZ7hi0,361
lcpoOF7Rm9g,360
lq8xQvwxT_A,360
Km2LWRN2UDY,359
YahcbETUvDM,359
aJkTiTKhoB8,359
bElUcseNoiY,359
efocPrJ4C0c,359
1dOmwcm8VGU,358
90B0ESnhi0Q,358
EjF_V1VKfTM,358
FGqLMIDCMrg,357
M_9CuCnA8oc,357
1iUEUe4ecAc,356
cmkA6k8mASY,355
sdGfv8-bYvQ,355
-hSv4_VFrcU,354
JZXlfsjBKZw,354
KlRefrYnHEc,354
gzbC-EUWV2U,354
x2DNUUlGxek,354
AIoJNh6LZxk,353
sOQC686WwAc,353
aTQFwAFkBKs,352
YYT2X9QBxAE,351
0vdXf1iR3PA,350
JoAJ7tj3orI,350
SN0ivA9Zt_w,350
xWEfVbnFtr4,350
RQJUa_KDe_I,349
7c4Mufpj7a4,347
IDbIn-CMM50,347
V_fKayy7AKM,347
YSoORs3C95Y,347
z2iAyVHlmD4,347
UZqC8q6bpl0,346
3PpCv51pGQ4,345
IJNaciK_gBE,343
vtvhFTLso40,343
vxB3ICPeb0o,343
o5Y1VUMxvW8,341
XwVWhLnaMrA,340
r8-R9bwdYgo,340
aXd4AeoB0C4,339
bf8OlmtaB_U,339
zINp_Oki8_4,339
Xo02kRbVDPQ,338
fv6iSyzIAs8,338
okSzGyHFs_4,338
BFWR8tDulD8,337
2AWBfCB82Ms,336
TBdjysnj7Zc,336
Ufc7iNGCn5A,336
g2JIK8iEfuE,336
W7GliiNcuEE,335
_4qJ8tQX0Hg,335
9RDKflRiyMg,334
Wu4LV0qeoKA,334
Fdfk-vwhOaI,333
LO1szAOX5Qw,333
SnRxVzOK_GU,333
8mu7cDxYg58,332
H2meFZBABjE,332
ZTkVaFq-JTA,332
mqOj6nIQz3U,332
rm0rWlBrwBE,331
B3qY_H9X790,330
MGUOZCAMtxg,330
Sut9pcNvTUs,330
YxJBG19HKQM,330
d1B5V0KUFQQ,330
8vRe7n39H8k,329
UL1wUNh8sa0,329
gT1_9rn1QPA,329
0tC9jW6bFC4,328
N5dHFcyRG94,328
bDQFzane7DA,328
NSa5m51lmE4,327
c2MiZ43bpgE,327
jpl1jkuICIo,327
0Z0jpDjqgeo,326
8k3CVb9ctY4,326
LmWy_AgVd4c,326
l-nsPKr5tSM,326
2PVHg1BcKj4,325
2-A6ykI3OmM,324
Vl8kjJw_-zY,323
-rMDALy5i9s,320
ECHM3i0ThkY,320
WHojI9t5XyE,320
3wFj0eqE-Ps,319
7bIraottirg,317
DxXTBC3_DuU,317
XvmPyMDOdsk,317
_PWXBEzNT0k,317
hKSKze0z3yI,317
5CLwNnpNGxc,316
RYg7zRiieuQ,316
tW-z_cn2R0M,316
4iiAwRS7zVI,315
OKycBP_cg8o,315
xffRL1DrxyU,315
KZQuyQEOfQU,314
T_0cXkyvTBg,314
fb_VlpMlBEo,314
sBMF-EOJuhg,314
vd1F1ll4G-o,314
58IDC72K0b4,313
fE4jboxLyIk,313
B7V5N_t9IXE,312
ssyrddCMPvk,312
11UvkqSsTGU,311
BOf6JKIDx5A,311
iAdp0wCtQYk,311
nH9eIEvojgE,311
wKvSYgcD7fc,311
EHdV5z8-JOw,310
Jg9bcEHUew4,310
MuNo6fhuRpk,309
RtBkNuyd2js,309
YudPpUqe-0E,309
kJxf1r7s3g8,309
oRN8Z4MBALw,309
pctUgTHdjMY,308
-32fj9lhNVA,307
-kR7GHh9sDU,306
Jt8UgIdBU4s,306
bDRt1ONVPSQ,306
d2mJiepFbqU,306
dlLed01XjW8,306
Diw2ByfZxMg,305
mqEEFvr9keI,304
KwJcUh_N0QU,303
-7kgbS-voI8,302
5F-hacLVbjM,302
GGvOKyn3WOM,302
xuy7DwUIT2s,301
0bNx9HloeXU,300
GTFc6P0guJ0,300
HXhAwahGJm0,300
NbSNrMRegMU,300
sEd6K2Sm6Ww,300
wrXGNQ2P89g,300
x3ArGiznUDs,300
x6EzzeAeqTM,300
z23IfhESSNg,300
MAgiFrubk4M,299
n4TyfnGlyiY,299
uuDrg6UV9mc,299
4BXtigoFU-k,298
bjuMBlqlOTs,298
l-akpQZD5pk,298
yf4PwFLFRNs,298
JRJgtEo9bJU,297
R5Mrbc757vQ,297
g68EFBToxCc,297
mSR5ycGPlao,297
mVYmlGv1XgM,297
wdOPrHI4BYg,297
1PqWCyfJp84,296
yAvG9YHJMAs,296
600RzTL3mXA,295
lKff3amdVXo,295
mLsTXy0c83k,295
e7bakpWCg-k,294
BW5C66yD_8I,293
KdaHb4Zbdto,293
TqjpjOkvh8M,293
mBaH5r4asNk,293
xw2CWJlAPMk,293
yXKyH4NuqEU,293
3o4oqFCQTvw,292
79H8ILsKYnE,292
UftOZyGaGws,292
nTawc-72cic,292
pQsnnGIO7Q8,292
qlUt1oDlYZY,292
yo1GgYW5aBM,292
iXNXJBCvZ_M,291
wOIPRfadAP8,290
xciOHxRpvl4,290
1ADivsGwJ64,289
994SygqEovU,289
Xz_u92u6eI4,289
wAKdxeZ5p9c,288
f3DH23fioks,287
iuH-BjnUeD8,287
kqcVXLryYAs,287
np6xlLW2JqU,287
rsOmvFt2L18,287
s5C-5mhs2mg,287
CUMDvBHJp3g,286
dUg694fOf2w,286
2MfOIM9M_jc,285
4ItqOl4i9q8,285
AwO-om6UazY,285
C-PDuQrnnhs,285
KwLWdsjIyTE,285
SXeJ5qkfwcU,285
BfklbR-oyCc,284
BrLj12Uejy0,284
aCLXhRgMl4c,284
-2YUuBuMTPw,283
Kgxz3evg51A,283
kObl8pOy8K4,283
r284Hc3R8nQ,283
DktoKYKHQLo,282
XYX1655sy-E,282
CEZQXXX2rUs,281
QzgJXh_pQgI,281
xCkPUQkhRFI,281
2n0zFdQ_5No,280
55pyJLyycYk,280
6WeOW1f87eQ,280
DwSLJYRhZU8,280
UzH7eLdimwE,280
oul6dIkJXh4,280
-tR1h91TSKc,279
PGDCscqi8l8,279
RC1bZPkDHbo,279
NcskWEBDdhk,278
PTttz5EXp9I,278
Pp4PQtu7F7Y,278
_zDT4dSbIsI,278
hjlDQF5OqdI,278
ntu6tymtal8,278
sP5Ccs097XI,278
vGlDEbZvwLI,278
xTeXnwsMtQ4,278
haNCt5zB_-A,277
7qs82ZK2JEQ,276
CFExvBRsGwM,276
JID3ePnNVmY,276
NBmIFTyiGos,276
_0v_beeTfe0,276
zJepmdxrf7Q,276
2URdIcUgW-c,275
CLsrhX1cgpQ,275
N4f3NQVWAU8,275
cbuBOEPoJWM,275
-xGeoN4noLg,274
CIlw30RVmZE,274
Z3inlo36gJU,274
gcyQs550OE8,274
tCY-JZQv2oo,274
W25R7KkBmsM,273
d0eJvUVmH5I,273
qtOdHYp-Fj8,273
V4Gdorzd20w,272
frQbbR2N-TE,272
lBnZYeJoPJY,272
4a40TloDhsA,271
_5eG7JBYhio,271
coOgZY140ao,271
f6NUeaPhXkg,271
mwtdbOBnV5E,271
onCAcM57iB8,271
Kc_aAkVx31U,270
bqlIAHCBNsI,270
e7PzqJAnGyc,270
y6wsfHB9yb8,270
yGLEpVbJm40,270
NZSN1H0Jt-Y,269
hTMCbWWrmWU,269
6ApMW9yr9hI,268
AvR8E2i-FfM,268
m0jySU0Ep98,268
s-3qE6hJi5g,268
v3ocbyKi9jA,268
N2VJm4V_now,267
NL26tPKh1C4,267
ZYhSy3WtWxo,267
ecGjnR3aNvA,267
hpp6r3-KQMg,267
x2nv8H8doio,267
1UEfIWrlp1Y,266
3oFyW9HQpls,266
ZUTvVPBxPC8,266
cmIATzngR3E,266
jbVuMkEKb5g,266
uVQuA4TNgSE,266
E1yrv6ci8yI,265
hYaVleWeLsI,265
7ug32g6_pOw,264
DVnRR13IQYg,264
R2tZvnQxJds,264
VD2InomKiIM,264
W6nlUVMFbNE,264
mhB1yIYkboU,264
wNeIUfsmEro,264
IZBIisiRmWc,263
L1lG_NEtERU,263
JE2r9nTVTGo,262
NPho0I_qfMw,262
aDoNP8OV5LY,262
c0dma8yLJ0I,262
4JGixMDhbNA,261
6ZkuOWvx9Pw,261
WJ9XdVJfUsU,261
uQsy2W-9n2I,261
4Zl0-oPMIDs,260
4bitGAOz0kg,260
AsuguQ3YizQ,260
IgUudijHgY0,260
aok_pE6q76A,260
eKApuCHoLlA,260
i3X8U1HlfKU,260
l4E2zgF74NI,260
ymAqD4tbW3A,260
zBWd5zrTEaY,260
3XmLZqP0Byo,259
4Rp56f6HCXI,259
Koa80XAm6dI,259
LS8TA99YMRc,259
Vr-A7bV5gV8,259
yyqIJ6Mwks4,259
33LftPXEYVI,258
HWVqH0v6Dnc,258
ZMZkpVQBHgU,258
ecFzpICKWtE,258
n3a-6IPTduo,258
IQsi4LzvHhk,257
THHpmFVzDbc,257
kADujQsWO68,257
4QrpN7CtOJg,256
hitbzE_MJNo,256
pke80P-1WII,256
vT8IWrv8AKg,256
TTJZEnHmDEM,255
_95K8uxYLYE,255
vJpu2tqzbzk,255
42wRJHgjOgo,254
HmPGGuWM45A,254
91wPvst25nI,253
KS2lLDb4blk,253
WAvzquoHYms,253
Z5bnfXWGiY0,253
7bFpZ45z1dY,252
DZtANn3Agn0,252
IeYB_Hmsu84,252
Nw1v_gaGhrY,252
Z1XOtt4y8y0,252
gTX7ZKSd8Uc,252
xdYUATH2ZyY,252
z2MjDjnsucw,252
14x01TgnCQg,251
3Muo7SEpRY0,251
DG67736NGOA,251
7l_4dUjU0K0,250
BM6M-LFVEY4,250
L4mR1GjK9LQ,250
S3geK7xVDQU,250
dIp5Wo7nrqo,250
LzaA6fPskRY,249
MDx5uXzly2c,249
Rrg7_pbQ-K0,249
Vwsd5B2FvR8,249
eyCMoCx1V9s,249
lL5q7R08_Hg,249
1Nc0eofMazA,248
7Qz-eZtOdwA,248
NamODFCD5kA,248
1ixwjU-92Iw,247
WSU4UpKc7BA,247
dfEh_aZhzTU,247
5-1oX7BPv68,246
pv9p_Hi8lmM,246
2yaqnE0MH6Q,245
4y5zEWpNeXs,245
63QTR5mynbo,245
69zDcgAFcLM,245
PCHnREoU8h4,245
ZjqHC0NNR2s,245
_fhxBnTUvmw,245
eNqnd5nRkAU,245
gPrg8GVdIy4,245
pl797mJG70Q,245
rMe_Cwv0W-4,245
tDq6P0yp7T0,245
tvhLgNAULQo,245
Eq17VwL2Udg,244
3Kr6ZLZZxUk,243
IqezkOiFQJo,243
MGCXnQVoVAI,243
bQLAjC8f14U,243
m2-UUg68SKU,243
xmF0xvGLW2M,243
2Mk8kOTyO4k,242
OFf5aBWWVyw,242
hgj0bVyWZ-0,242
i2NtqGYFpOs,242
kbKyneAiTn4,242
nQbrnWDr6mI,242
rBv6KBOlwBQ,242
wvkc91Ws-2I,242
4MzI1aAUCa0,241
dnVc_94qoTA,241
hNKPUfRT-zY,241
rnxq3XUELDY,241
w9ROI8RC6Hc,241
AwF4MQ8HJa0,240
D1rs5WZF_Yk,240
VBxxMWAcsp4,240
fTfD5Ayhgcs,240
lM07BQ0xJds,240
-JeIdPld-tI,239
-rTvbaSrxKc,239
1piYgZ03uwo,239
2W8nb35FE_w,239
TazoGS784Kk,239
oUaKo3dmxSQ,239
tU8qNxempS0,239
y0xYbXOUWZM,239
5JiO-EFQ4do,238
9GH-E6ll5-Q,238
A1Jh-Qk7lDE,238
NC7ze4YXLGM,238
VdACzw_D6pY,238
Wwb4yTnpfIc,238
X_pk1yA9S6Q,238
d-FJyF7diYw,238
ex1vp-Hfm3M,238
yRwFgZSiDUc,238
1qmjr_NwP80,237
332Ad4jUjoM,237
ULIgLMDickk,237
oPxa3qlhYRE,237
yJ02KB4CYgs,237
GOFTj9-Tv-w,236
MoHIC9gCFhE,236
QzGEotTYsCE,236
SnN7_rSbTF8,236
t8O3cGcmkl4,236
2vjVxj2nbto,235
cyKGeK2djjk,235
jedi1KqPSZc,235
lQ6JjNZsch8,235
ql2MR9NfZ2U,235
uXCR3fyATFE,235
yKHGUVK4kEk,235
2LGQQLR7AG0,234
FoV72Em4Qxo,234
Z6bdGxsBnGc,234
axzMVHUyFSM,234
pmUmnUy51iA,234
-M8qyok42xo,233
50HADVnzMMg,233
5jF_YxAqzyc,233
8NPfKdHE30o,233
L4b2f8wZT6g,233
OwignVX4loI,233
P-k3-VobsQE,233
0AP2UdOepa4,232
DHQ5stBzlS4,232
Pjd7U6FYaWM,232
ZZdiFir_kNU,232
a4zVqRsbIlg,232
ihEHbRfmsQ4,232
DPO7imV0LHg,231
fQ-8VXFBzG8,231
nwLnmgKfKiM,231
t6rUOgutYUQ,231
ABd4RZrhfak,230
aIAy0vn4fRo,230
bPdsN_YmP60,230
hHf_XROUCDQ,230
oyahLB1emyI,230
pFLivbJP34I,230
BfpaqJeE2eM,229
NlcpQ59FgFo,229
TdRdVQcADlI,229
bIifDx57WRU,229
8G1jTMK5a1E,228
SEI8SFoDvhQ,228
_Rlmr95Lz8A,228
kRhqvlFp5MM,228
s72yVDb2eUo,228
szhdlDbJFBg,228
tEDvyw2Drsk,228
tln9CTzQTic,228
ucBl5mNWwpE,228
vTdXwZGh-5g,228
x80L6g5AvzQ,228
3nyN9s2Uke0,227
IsFa_c0Wv-4,227
ZP6l94vClAo,227
lH1bemnt1eY,227
x-Admc1UXCc,227
gD4zCu79-3w,226
v6wxSg-tEdM,226
y8Up_MvobKY,226
8wDM4VXSgCs,225
H1BpS4mlsfk,225
HL8d2lBxqd0,225
WjY-iUI73yg,225
_xgSeZzbPDs,225
heOpM9pmO_8,225
mWXtf4b4xEk,225
H1Od6LKZ3ig,224
NMDQAng_YHI,224
VRwespR3ZK8,224
ZSCuKBv341w,224
ZvAA0eCL-bE,224
jCR9lQz3-rs,224
s5CVZHAjrW8,224
tSXxpWYv5ME,224
4t1ahxLur6c,223
GvX3iOxwZak,223
VPR_mpFcKtg,223
eyCEcfviIS4,223
g6jluQcENjc,223
8MZccR1he4s,222
DlSsSMfyaO8,222
Z9eNEjDySH4,222
d1-bnv0YWbc,222
itAh2SKp--8,222
s2rTZ_MTH6M,222
2CbfhMh9tnM,221
2Q1wiQw9bL8,221
4h9v0lbZVPM,221
MdFaK78nyj4,221
PTiAJNDD_D4,221
PwHFF3B9-t4,221
TrAwhy5AbA0,221
1p8eIAVPuTs,220
A5Eq1GDuAqA,220
IGe7ada7X3Q,220
XqM2F1JxX0c,220
ZojCw12Ze5U,220
ifX6jALKoIc,220
jnzQWcnp7Q0,220
l5_L6mvaDLU,220
sgqeA3ec9Ys,220
-a6fAA027Eg,219
HTtYX7YGu9U,219
IHhWORLFcHM,219
M336an3GCgs,219
P8ExkUxgYw0,219
W0QZhf7SHHI,219
aMh-K0327UQ,219
co4jxfmuSUM,219
iP2TcGgzHAo,219
ky_4Y1-Xyz4,219
mDLPansKeQU,219
07QQrAEOOSg,218
Adj5y0p9ruA,218
NtASULb90G0,218
krznHIAgwcY,218
w_U4GU3cZiI,218
2tBW45_qpjY,217
JuHLyl3gD7Y,217
KWqLjgz1aQs,217
VwxqkiK95-s,217
dMonTeSDIo0,217
i1hujSHltjo,217
l1WCyEWvBow,217
mz_cPUwD2MU,217
sjLvO-Zp2yU,217
wDKEhnuH-s0,217
xa-TkLiw6_4,217
2oWa7aNWKkg,216
2yEJwdy-Pfg,216
J-fdks5Zweo,216
MzCcuJ07J-4,216
Qcz0al6On5A,216
UQhY8zbqe1c,216
ZVv40yXgJpo,216
o_Wn56lIzrA,216
wbNxiLaY6I0,216
2KFh547iVNs,215
5M_U6liqeU0,215
DAIOrcNGN7Q,215
RD5de1vYiSg,215
0AMC7Xr3sZ4,214
EupZWcYt4Jk,214
db6D7sl5Ap8,214
ysnS2KKRkGQ,214
2TSLH-aONdo,213
5rg-vwVy5go,213
77GVaVXp5M4,213
83f47jIS_D8,213
HqyUNN9792s,213
Ql_Meyfx1TI,213
UE_LyCRXSGY,213
dRESxcAMkXY,213
jjLyVeu6pVk,213
pOrJhGsaqJA,213
zFXoBWYN_eo,213
2D8QKeYo0do,212
CM-z23eSCiM,212
EJAatjnF4Ok,212
EXv2pzC6lGs,212
Jgt6ytFHeZ4,212
LFMPQQ2ffrE,212
MVPoXlXwrgQ,212
Oz4OIOzr4S4,212
RpFsZszqlNQ,212
ZTKCuM01dCA,212
hnrdkynCDZE,212
pEyECGSkQqc,212
-YmhjI_OhMg,211
CEOdTEQY8JU,211
DtBA5F7zRyg,211
HiCHSiAUALo,211
M-g6OZBO6T4,211
MXDrggddwh8,211
MtuJBMqVvuY,211
QAh9yxqiPCg,211
SstTpmYNCeE,211
iM_Z9hQk0iI,211
m5fX7uSjb6w,211
qxyzZfWAXUM,211
tK17G9YvDlk,211
H_9nq2kJ2po,210
HnA5HjMiWpA,210
XFkglYw8FbU,210
_5r97Y3bsmw,210
fUMYkJbz0G4,210
-Thqk4HmXr4,209
10zauifjLsA,209
EQgplg8pyi0,209
V2Hg9QgAQC0,209
aDhy3gYfQXw,209
fXcGpUem5Qs,209
nSkKGWMeymw,209
o9ZetIs5oIY,209
xfJd-C9Hr5A,209
0Odf4wJEoAU,208
7X3xBp9Mu44,208
CWAmS794bh0,208
H2QIvASSgKQ,208
IqQzf8k-VvQ,208
T9m9m7k092o,208
WYYkjKIuCLU,208
ZCV5TYrda_I,208
kbKJmhuxN8s,208
2yjfhqg310o,207
38G32qNpgys,207
8mb6AGWow8o,207
8pPYC_cc9DY,207
C8SdC76QyP8,207
HNGiYeuX_So,207
RlNi_2_b-7w,207
WAItdOB3hmE,207
X0F7EsJgDGg,207
eaGmwmah-OQ,207
qHIpTqkZC0c,207
xQJbt--k0YQ,207
3X8ALiaAkbY,206
49AK3O9s8ok,206
GZTX-kxff0c,206
KWuNJDjJ48A,206
Kbk1QyS0B_0,206
WRYkQLOjIww,206
XKcaY7QH_Qk,206
aC505eQqeIc,206
c8JPlLp6oM0,206
g6yVJbDV2SY,206
jfyfdThTZ88,206
vZcf7UIJcSI,206
x87IksPsYlc,206
4pVyeLPWjgY,205
ajXKu1bokQA,205
cedY8gyTRx0,205
gXrIFLczRTo,205
lPRWHoExvMc,205
uY8LvXs5VZw,205
5-dL7uqZlpg,204
9olb6OvXjKg,204
B58ZrSNPxGw,204
FtQPmmmeWbM,204
H9R0Udf4I_c,204
JrHo9pxkQRg,204
Q5alRhAae64,204
UqhNyP4AL2A,204
_XXd0TjXNMc,204
j6o3n35EGwo,204
jkVtuwtxO_I,204
jpMTVwbZJok,204
EUT6GC_mlPc,203
Obtk8eWwTb4,203
Su2EXHFOb0E,203
VnsrIyobn_Y,203
_oYGyAw1UsA,203
pO4rlSNkScA,203
4m9C10Rlmyo,202
9xItfB2WQoU,202
IjWNmWPDJoo,202
f4nf8Dv-Xxw,202
lptYkKQnBW0,202
oj8I74pAQBE,202
0aQNh-CejyE,201
CL_7mankEp8,201
D86hBw5uT0A,201
KtZp-jWoHQY,201
Ov0a5dETrgE,201
TXaowYnxR_U,201
etrKt1SyaRc,201
f_00EtwCtsA,201
qL1-lYRQuRM,201
x7HZGb0ssgQ,201
FZDLFIA3yRk,200
Gbs7Z7TY8mg,200
hxP4fu9TMgQ,200
14966mT7J6g,199
1fWAzA_Lp_g,199
8GDkOf1XwBs,199
UgUAzuoyHV0,199
dfICQQa5rVo,199
v4G_b11Gvwg,199
wanFJvKJY1I,199
1kVMsaCTgBY,198
5HCngGBzJAg,198
MeyePX5x2Pw,198
UaRAtW6_Rx4,198
W_Q_2H1NUmc,198
_uhpkM2zea0,198
eK2c0DsP3Qc,198
k0pPhL1C5LE,198
on-xch14Sfg,198
y5lqVa6-C-A,198
1i7fiaevKE8,197
4aOEmORG1L0,197
Ae2_u6K0tzA,197
GoM-64EkchU,197
K6VmyFbDWlk,197
LViEk8PFfG8,197
MxrP-K_HVZU,197
RytqrIuw2mk,197
kgwzD9_O2v8,197
kqAHOhB4hD0,197
wrAWUUNd74w,197
0zLIgpajw30,196
LD6rVGKpazw,196
Sy3-eMF7Xp0,196
bJKEqtqn0A0,196
bvrSIJi6cQQ,196
e8TrWUfhTSs,196
faWjdDcatYw,196
i3uG_uMMirQ,196
kqPxitM9TBo,196
mOWwgzZdWZE,196
p9jf5ou1GaA,196
vtwjGIWcYRE,196
-m7_s7J4OPw,195
IePNTOSdeW4,195
PMVhsSSLz1Q,195
QaPvVis4YhE,195
V8NiuewNIk4,195
Vv_w057AsGs,195
YNGKSraBBHc,195
_B9TeP5JLNI,195
eI1aEYrYG0Q,195
k4vkOEdefWo,195
piHWQiw_1MM,195
slImFblL5lY,195
zG5cFO3mXD4,195
3GSPnSijas0,194
4ePhjGHP6l8,194
61m7Tn4T0K4,194
6md4Z1_s5Ik,194
B2ULWkTZjhM,194
JbzbegHem_4,194
PJZMNSrok98,194
PgKlry7kmEM,194
YsfIg2SgN5Q,194
ZuVB1Q3-4W8,194
kIf1KZyis6g,194
mhgnPCKiJJ8,194
o0dvg6ngWr4,194
qBRPDMdt4Wo,194
uJrPi8QwhSI,194
vSjDUEwQaNM,194
6d3naKx343Y,193
83FN1RK_AoU,193
ARnA_rTtyx8,193
AtaRXPgdmZk,193
EwgvmUAKJ2Q,193
VMMMu0waUUY,193
gcF5lmzkjg8,193
gnmmkBAN9lc,193
gzUWx8Yi6aI,193
jpadyNkONBM,193
xdOwtKdkmcY,193
-hI1dSpHs8Q,192
38aNZmjU2Zo,192
46RxeXuZAjo,192
DXCfSp22K-U,192
KoCbZcjxBOM,192
ctQv9G3DJEg,192
lTI9FDSLv8s,192
oLB_4yQBnqg,192
2rKg-bJOaO8,191
OQ0nVxD2Nck,191
VS2pcj18I7w,191
W295sdkklic,191
YGs1pE2qxWg,191
ZZ9LyrupNIg,191
eEpam9zYnHM,191
fkU-CnAGEMk,191
gMTm_IQMGUs,191
gus4wF7bBuI,191
m4QL9jcXFvs,191
ue1nC0nsCX0,191
wz_42pckM7w,191
2O2wgY5gLjY,190
32gcY7TgKPU,190
5HHIKExIjaw,190
A-vvpi5PpuU,190
Cd2apubddfM,190
CkGWycJXVWs,190
HmlpamGJ56w,190
Q61fLCh_LZA,190
iyBOUSNfNSo,190
m77mgu7cSmQ,190
qM39cSrDxnY,190
vleEAnsOIvs,190
wuNWdW0UXWI,190
2ICfL-Vq9bE,189
7NKzwWLda9M,189
JJvDczTyN_k,189
N3QQZqQbFCw,189
N9bxVV1b4zc,189
QtDhnQl14u0,189
RFoaYqECWEk,189
US86V2lHRAo,189
rkYVV1rLK0k,189
sjoBheBiZ5U,189
vlkq1TC5KkE,189
w5cYQyMr-R8,189
70kKrY8rFwU,188
LqQoZcPONBo,188
P9LOaHWsnRg,188
PwVC__qMjAs,188
QeuU9P3f9lY,188
ebqvkX8F2z8,188
fqzaKtlSgl0,188
pTxqJ30IfGc,188
5qvKCtsN1i8,187
AXBz6Jf_PwM,187
F5TNg-mSIn4,187
GHY_0gxLDDk,187
M7SHGhFT37o,187
RoUAp9HCUv0,187
dBNifSDo3qI,187
dskmRlKdJlo,187
hOlegvZeF5A,187
hZhNVMOsKRw,187
th8QQ_NJpss,187
toE95uFGY64,187
ybl8IvhGAJ4,187
zwBGAmyJ6yg,187
CDphmhaToV4,186
HhztrZdd0dE,186
I3M0Bzsy4JQ,186
MUnI543ErfM,186
SA_zHDI7AKc,186
SMgo7kQ6gBs,186
T992lQqWszg,186
YOsl3KGXZ8c,186
eUUCgYxFqzw,186
obl2AEyJuJU,186
pcxE_X5f_Wc,186
tKQek0io0y4,186
vFonxyqLfjM,186
vb0t_NTjmvY,186
-1esuJrbV0w,185
-Fqq1HunDQU,185
1EZUAM9NI2Q,185
6yS6dQpZMFI,185
7yDh8jV4yPE,185
9WTtBGULvGk,185
EGF99sJaQds,185
H69GJ3xWrWA,185
HOzTr3xBx4E,185
JAxRo5frtzA,185
K5A_UKLe5uo,185
KcqijgUE0ak,185
R6nOvuvZ7xk,185
bQqxP9o8Vfg,185
eJipKTkkG2A,185
ewRwggwCigI,185
hkcvk8K0-4g,185
iH8SAXkeZFI,185
lmDsntHpUIM,185
nPZYnQXnsdU,185
uAFZaFlkoYE,185
GyCPlzWWpk0,184
HztDXBW8kmQ,184
LY4yaGQQJ8I,184
MUDEeZEeEak,184
NvZEFsZmhvM,184
hhfnklkdlf0,184
oXIi896XSIM,184
pPC4CmzCJ10,184
qhIEA7xVF2o,184
1Vif2iLsN_o,183
3WrJBWupKMs,183
4CgFzRyFhwo,183
5bIMzbE_168,183
9rC_kvNqySc,183
FBLKPzMCi9c,183
GxI3nl0Upmw,183
JzvTfusnt6s,183
NG5m-ExmYrk,183
P1BovFqX_14,183
TAZIEKvYeXY,183
_iHxp1lPJG0,183
dNij233v7V4,183
g7JrEKZgBR4,183
gFIhhm8_ySg,183
hitTzq74d7o,183
qcqeGG0D-Gc,183
uvIz44HQ9VQ,183
47qQYIbgMFs,182
E7rudiMUu44,182
I6rZErNJsZo,182
R7s45i3lXiI,182
VtiPJ8CwyLg,182
bCGxWF1w9B4,182
illnaA4r1QI,182
jOK1KAf6Vr4,182
kIJbGqbNzT8,182
kXnwIXDwDsU,182
qt4CHJaVgGs,182
vCQhf3RslMo,182
wvRR8UV8s_Y,182
CvfsDeXnCq0,181
JVa1ptJWFk4,181
KM5-kLiJVlw,181
M2mnIB5_Crw,181
XJT0xYLdf6Q,181
_M4vxY6Qlzg,181
mRwncre7DSM,181
myL49XLz1KA,181
toKwGQpjL20,181
-Oau7LNDc-M,180
25cE4GtUfFY,180
AaH6d0MnAHo,180
CaNIMtVDus4,180
Jo-z1--dUcE,180
Ws6siJbgfzo,180
cae2aDLl888,180
h-nWrmzjiBI,180
r586yhjjXRw,180
wIeGQ_4K7BU,180
wt9RluP-8ao,180
xpjmoX0ow4I,180
0ZG5Hk6V3R8,179
2s8zCDTSR5s,179
DAiCFOIQvbs,179
JU1x3isk9QE,179
MdFqTsP5U54,179
Y0v3LumeXpI,179
eJsER0dqH-0,179
ekvdhNJ9cqc,179
jPZ_6zCcuPk,179
ot9Vm3cDK9U,179
q4aVZLSWtu0,179
-oRh6gElnhM,178
5ZvX9v57MJw,178
5_DHl4Kp77A,178
7eeFG3UnwSA,178
DMAu9T-YXBI,178
FQIIhR5ej7E,178
JAG0fIWN2cU,178
LrUhBXO5Kqk,178
N89N1Ny0YMo,178
hD-3udkBXoc,178
jg-QVd5wNbw,178
l9wilikrmFk,178
pKohuVrRlWk,178
sP1YaRJfSJo,178
8NLAJlKR4VI,177
JIciGt2b26A,177
Kik0TYDeBhE,177
NM90yJMVxp4,177
OZjOPkwRcAE,177
X-ZhC-tg4B0,177
XDE8aaOUcGY,177
bgusip5nlGg,177
ixT1IX20wtw,177
jgOTLU4djGg,177
q0Q2TB1nD2s,177
saV7A0NWu8o,177
yxUJ3Gm1g0I,177
0u3g-vH6bXc,176
7PkPMtiaRw4,176
AYbMqQSffm4,176
Hfp263hRKoM,176
On6PZvrBzPI,176
PXfSBwJHTs4,176
Xrk28RCz7zg,176
g_lqBv2DyM0,176
htgo73Frw14,176
pZTNsKMyBGI,176
xvbwKtrdcmc,176
zwvhZdKI4nw,176
0ScsKysPrDI,175
8KSKqvRXUOo,175
FmXiYsUXvIo,175
OtsBadm7c8w,175
YsWGWIlf9EE,175
bA3cVMD7ZMw,175
j63kyrThVsk,175
l-74s7Zr3tw,175
mMEv17I1-FA,175
olYe3ryn8-E,175
uIDaYbLvQ3Q,175
-LI4OfaPfak,174
AZg9NMY4UnU,174
EreQdiebO3I,174
EtAz61fKLeg,174
NimheYoq9Lw,174
SAOjM6nj31o,174
SfCzJHfpyUc,174
VkTTwaWvc5U,174
_vTFhV_nuR8,174
daYjNE1wWvQ,174
hCvs3ZmBkVk,174
jpHhVJwYLyQ,174
kYnoc8jtp6Q,174
lBHg22FUDlM,174
nxqbMXW3wNE,174
oJjf-EgzcTc,174
svLwy5JGG84,174
-cTk_QwFWq0,173
7KQZ_aW22lA,173
FfPy1EdeBsU,173
I64M_c2iB98,173
YlSBnV7i5J0,173
ZLDaYOEU34M,173
dZ5MOIrNF54,173
ejcRC9ymfyc,173
fdYohmvJbWo,173
rk9oBtYjy4g,173
uXi-shPa1JU,173
zzi3RuRnYZo,173
2rtUIM44GME,172
9Lm7kr6R9_c,172
Bq1NjE2a6so,172
DudztExLAQI,172
HAQhM0q3wfE,172
J_w5j3E1TEU,172
KFEQq7_x_nk,172
Nkk1h_pk4Z8,172
UAI2vveJdCc,172
cMsImY5dewI,172
fM_0rSDlf_8,172
j7pz4tyn2wU,172
woCTR--uvFM,172
xu3j0gvIEuU,172
3kFjDYcF2k0,171
4ldE6k1sci4,171
5Z6djzUiI6Y,171
BPD-JAwl9m0,171
HtxJkfkIylo,171
LagpKkQLTIg,171
Oy9Onz9T8YQ,171
iZl-Pa308rY,171
lGIxgrv98zI,171
xjWKAkByZ80,171
6Nkno7Sjotk,170
75pvZP4yFiA,170
GcSWYSc36KA,170
LkKdasyGSEI,170
UqX5EPj_e7g,170
WOUfi-tT_YA,170
_OgpOShv32Q,170
_xWnuBKvERo,170
aVMsrjJLbr8,170
iT42Rr2lB8Y,170
mpuYSDIcI0s,170
pj70_he50AQ,170
zApEMX3V-hE,170
0zgAr9tJIVE,169
9yx_re0FyZM,169
A27UiWVyl6k,169
EFnAaPClA2Q,169
Gh9dEjyB5cE,169
KDO5D4DuwVY,169
Sfk-3GsJAZE,169
aK4DRO9DHZk,169
bWNGgjTTerk,169
hdg5zoat5p4,169
o6nZtmsm5x0,169
vNSnBVd0_AY,169
6ONzWQ_Moxw,168
8_gAE7YoVVQ,168
CbmJyI_ANFU,168
JGBzGAsn-5c,168
K-Jap3XrXiE,168
Uyad6NacudI,168
WExaN-iG5EA,168
_sGHfmCnB5M,168
tRaDNaHWrbU,168
-jg39vuiURs,167
Gr7GH8-hcik,167
QtfPDyzkdO8,167
TRRNWePLHek,167
jHG9VNAte0c,167
qGDfBPZYMqs,167
sCL1kaOTCjU,167
uielZQAYsSA,167
8sY9bnKqi4c,166
9Jczw0-KnBw,166
DfbjcdyQODI,166
QVK6caXhoC4,166
UD0Zh-Mh67I,166
e8-CHpvhaAs,166
q8n54yTrX9U,166
u96AmYsG2QU,166
xcSGyZG0Ssk,166
FZzRoFnRmyk,165
UW49JWhqIN8,165
_jjspqJLNoo,165
hFy00R5Xmpw,165
q0cENPhMbBs,165
qaiRwPPXqBQ,165
xCKNXUNLC9k,165
1PkO4tUcUOk,164
2w_pbsROM-Y,164
LtUrTUf7TpM,164
TanbGs8Nak4,164
VPZq-rm9sYA,164
ZLRO3oekDk8,164
bETQCAEf7m0,164
hr4gdoLBiEo,164
rBxGHRy0Pe0,164
sWtXqRcOWkM,164
3JIA6Vs8uk0,163
CGEw5nwhsvA,163
D3virL5qfEs,163
EajJARsfhvg,163
G9-fdpbbfz4,163
I4bTD8lwMz4,163
MtSQQSmLtPQ,163
c_dcjOdSaQE,163
dnuQi_B4IDQ,163
p-b0GFZ2zQ8,163
x0Bf-be5xWg,163
0GP5Z7QO1Jc,162
0HXJVYeljOk,162
1mh_Gktlg1I,162
2N3e6RrG0Gc,162
5hrTwroxJqU,162
6Z5UdXupfOA,162
ANnIY1rx9GE,162
M3i3y3RY7yw,162
OzBFbb6WQ14,162
R4U4qQW4ckE,162
SByoQciTTxw,162
aXCcpkworEQ,162
cS8NumSEx6s,162
g6q9hsO59_0,162
k_SVqdbDeTA,162
lVNwtH1qJ6c,162
sWr8gB6aBCY,162
uw6RpWXhrGs,162
yASXvXZi6YU,162
zEBhq-D51Bw,162
2PY_QFGXnuA,161
7qzMfUWNyzo,161
U9zuw5bPKPI,161
WivW4LoR5ZM,161
YtgllLS-eJc,161
bstmumYrPRk,161
c3osfgDclw4,161
c5HuzBVIf3w,161
ld6x3wsuwG8,161
qLjj2bORF7k,161
r-4u9Yqny7c,161
x56_ABWJawE,161
xdEXhZ_n8Do,161
yaOcXquAfqg,161
BvojqmpKT4s,160
JKS1MOt1jXE,160
YxZ4LJ1JTyQ,160
l6bj2Data6c,160
olpJGkm-Uh0,160
zUkn8poE24I,160
1WvS4RjnRdA,159
25ag8eBfn1U,159
3DZkpZL1Bec,159
AJboHcgVXu0,159
CZuUFWiFwsc,159
FZOJ0kZeZDE,159
XGobPEPPqmk,159
Z391RE90OcM,159
_DIoc60BW50,159
_YEgzwdAcu8,159
akUfeRp4G4A,159
cU0jbVn5m5I,159
dy91oGUlGiQ,159
i9uoc7Hkv6A,159
k0DKSNces1g,159
mVS-GCJi6Xw,159
zkXygikov_Y,159
-lLVXpd7Uiw,158
CC0MxcUXW9c,158
DB7KGSee8Rs,158
P0o_GejgqKs,158
TEqI_i-zAsk,158
apaMaqMyUbc,158
fBgsTs2sIE8,158
hoOGGk0IrEs,158
kcSfYoWafbI,158
lgJxejyfaAo,158
ooLvQV1Z_RU,158
zWxikIv-Jys,158
0EmEUqgrOMU,157
2JmhAHx084o,157
GnDGMTz0iTA,157
Gy4IpWUq4Is,157
HHKaTy9hD-E,157
SMq8_rSns8o,157
TiSw0dPxZg8,157
UefgxCxr_To,157
XGg2O0pyQXs,157
hYhnqONnQVE,157
jsxI0QjxJs8,157
kDm_GstXOz0,157
quesAiwut8c,157
vAPSL4EzUAw,157
4YK9OLIe_Gc,156
6Fm-M358FOk,156
7TxXC6scMc4,156
B2YlhSvQH-c,156
D89rsYINo-M,156
J_yOyr2IknI,156
KozJ70brCqg,156
NA1kg09WJwk,156
NiIimKTo0Pw,156
O0jR59kY0L8,156
d3MmtZsEbjY,156
g6jWHsKFs_Q,156
mchsOA2RDus,156
npsGRu43uZY,156
qlnwPS-kmjw,156
wGUnkpCBsyA,156
xEGOpQtZhCE,156
-2L2NHTyylU,155
0_oKJdU_yMQ,155
9VCd9LO56Nc,155
DJ7_xmSRSRM,155
DkfnprRMdl0,155
FBIowJ6IOiM,155
OuHyUj1tX80,155
XZN2H9tEux4,155
ZC2G632hurI,155
ZU5XdGUyn_0,155
ap5tPS5Vm38,155
bMa6-BGGt18,155
dGn8XKu3px4,155
rdCi-lwTNaw,155
rtPkcsg9jTM,155
sWztYmfmO0I,155
whr4CpALet4,155
xB_A-I0e3Yk,155
6E0BRR2OcKg,154
8l4HOrdRO80,154
BZtJZfBeHM0,154
GSrGjfdY5qQ,154
Gus0SfUSGyM,154
HbGe5bYJ3ok,154
QBFfGhRcb14,154
aEMZU2isSu4,154
bXzXLahZ8Lk,154
nrU7wlwEn2A,154
wlLOPb9qGC8,154
xd3mutB7ecM,154
xfRjA0yIjwQ,154
xlbsng2XEAQ,154
yaw4xk4R5Y8,154
3EjOAZ_sng8,153
4yEphOKq9To,153
5E0yEm_f-nM,153
6IMxvOVDwQs,153
9ODPgQnKtVU,153
D3P_eaJymmE,153
FRmgwiVczkM,153
Pjvj16zGeMs,153
UBeAiADb9Qk,153
UQxwnERaJzA,153
_JTLV6uEdNo,153
_sVgi9Qwa7k,153
amMjkSrlcTw,153
cHmrmq-a9Hs,153
hpidrjV_YjY,153
nf4qDyRXds8,153
pKV-K5jVZJA,153
rsmbojL_abM,153
xqMy7UbGzIg,153
zql5e29DSBM,153
2I99A4Hnb8I,152
3fMALiXAduU,152
5a7qPNAnDVE,152
7mjCuJcl4Eg,152
CKfQISVqfqE,152
KDBvTQUW6Ds,152
Lf_P3gpLdp0,152
OoGquABclmA,152
PVt_u9_u3bM,152
R36sZnkLGoM,152
TjFGoJjIa5g,152
UQ2Af9i8B6s,152
YgFv0g_f9aw,152
cW9OnMZOjro,152
k0PSBNwfkHY,152
lMURd2tKt8A,152
pXe7eQFNlaw,152
rFtuNm5b9Go,152
0pQG9fSfc0g,151
4IVWyZTOiyE,151
6-HOr_l-E6g,151
6ld6FKhX89c,151
G2yT9v6ojSw,151
K1L6Vtz0fzw,151
QvoFnXDO9o4,151
eNmy5HP420k,151
kchif3M_ukE,151
t0Fg-ICjCio,151
0c7i7SRthrA,150
CXZMvKwLYyA,150
GI0v4HAeJA0,150
HmFHUh79L9U,150
NibLY-hhKM0,150
OlXDlmVjoYw,150
RCNXGK1BlpM,150
VeDqEca4hbc,150
e_ctidQ4jZs,150
i6TnB6k6Sl8,150
k_oSNrXvOzM,150
lv1xylNEl8E,150
sxm9HubDfkM,150
-jWrQn955es,149
AA1q8EVfzdo,149
Djy0lciUHL4,149
JaBmM8FU1Mk,149
XntMlsks2Zc,149
Zgat3Y5DWLo,149
akO6ELoiX-0,149
e7gkEtJqAXk,149
kebNiWhjNCw,149
la9nJn1juLw,149
t42me46p1Ck,149
tkyKx2ZLjGo,149
yhA2_dWAq4A,149
-DoH9IAZIno,148
-KKPYQaYwR4,148
8l8wnn8BZ6w,148
HTVrlPoQjM8,148
Noi6jIqOijc,148
OTSOJOUzyIE,148
PB_26DWRBXA,148
QV0Ihz8SIb8,148
RcIqsLAe1eM,148
Sbk4O4GBYNA,148
ZHTmSZW_y5A,148
cXrB2S1jjAM,148
gv7_S4EKKjc,148
paYmpO6VMMg,148
qzRnEzesdNk,148
yXi33dgvOIg,148
zchFLDIx_qo,148
51plUKGpHPs,147
6c0iQ2RwkN4,147
8AprLs7bmKg,147
Fmbnf2fIrAs,147
HNNC3UlkXQk,147
IyhXdqwg8A0,147
Nt97Tz3jJWg,147
VGS-e9dZw8Q,147
XtPrpHq70f8,147
g78ZAD1gSX8,147
syUV6fbWtNQ,147
-fs9eAOAUSY,146
1uAn7Xlc8I8,146
B5PVmcZjP4Q,146
LQP_dNIYu54,146
MZUDTwvEFHM,146
arfydfR3T28,146
lV27WWaDOls,146
mENeZHHHGOs,146
n_Mx0N6cLxo,146
-elNcbcFVJs,145
1kJ4HVEMAbM,145
LiLoCNcUrX8,145
WThBDxe4axM,145
bPOru-2J1Yw,145
cxykCjNgZhg,145
d9uuC_TrXWM,145
mQM61aRLbmY,145
HIjhNzaAO1c,144
IscC7bedAmM,144
Ka8No0mFT54,144
LLqnJIZqjhw,144
TsI3XQlyRUE,144
VLzuHw_peMU,144
XHKQNg8BfYY,144
ZVGJP1zkGQE,144
buDQpK7FytE,144
lNlmKfuHbeo,144
mCfH2uahBOM,144
yifwIVtT-wo,144
9dk9xo9oT24,143
DZhmRN1wHno,143
JDk8G8HuaGw,143
JtsCxlkzQC4,143
P1D5GjDYGTI,143
PFF_awEBmY8,143
Qw1z5UuiTIU,143
SIbIj4ThXkE,143
SfeOis2elyU,143
TGHrpyqJESU,143
V3i29kDQDrA,143
VRpFDranP-A,143
YrJAb6t2Tgo,143
fZY9BciOePU,143
huRh67eMzm8,143
oK3jn7M6mGM,143
oYiT_H13Vio,143
q9Hj1CLr0Xk,143
2KTdFycGxCE,142
6atz12Q-jFw,142
6c2j_PTUWlA,142
CTA3dB3nWTw,142
DydIJwFgCoY,142
MK6vyMXx9Dc,142
OSgYXH3Ra7g,142
U2xsviC14IQ,142
VDaO8R8ToLI,142
gbd1h0qpN4Y,142
hT3qXl7ZTH4,142
iTMzLH03S_g,142
iqo1kWoZYko,142
m9YYGWeWJgA,142
mCmrpWa1KoQ,142
srWd3d2boY0,142
Ah72xyINWBM,141
DZQjWZFKnkc,141
csD7cAwO008,141
nmZIpJt-hCY,141
qP1_FC6cj24,141
zUQZk-GVVfs,141
59hila13h0w,140
5wwIwBsvJzI,140
7-PFy3HjAIY,140
EVO3QOLgnYo,140
FKzR6nVJ7-k,140
ItLJimzAGqs,140
LWDx0HorbzM,140
MfkDAY4l7H4,140
Sb20Bug49cI,140
UuiPdtWhhkI,140
Z_TK1jQqBd0,140
_h_bGiTa0HU,140
c8nRGJYgEcU,140
dFoB9EN9JSk,140
m6OqnAFhFhM,140
xsi5vaIaazg,140
Ap9ouEvhgq8,139
BgfAMKPfjbA,139
CLpfEw2Aw0k,139
DcNvTAdu3Qw,139
HG0As0pO3DQ,139
M4bJYlyK6ms,139
bTrj5dADHvo,139
baA8CM1c52g,139
p5uvc01q7d0,139
pOmpqdlVCoo,139
q9SctaKNe0M,139
waCCEYTDKAY,139
zAkX_GeifEE,139
-RFibmMStJU,138
KSHMMF0i0GQ,138
MQzWAYZbC-o,138
SvgQ2JPDoiI,138
XOSFaD7SYxw,138
Yi7alFzABHo,138
Zcw-L8M7qGc,138
pVa6xp9nAuE,138
uE6O5RCcQ44,138
xku08zGdxGA,138
An86W8YvriM,137
G6hknbxvJXc,137
GjtKZ-H-5WI,137
MKThCqDwBnE,137
MhFEORg2WTw,137
NJVv87TiAlQ,137
W47cFRJ2iI4,137
XvFL8iXqnI4,137
aEYS15fSbok,137
iMkzuhAl6t8,137
iSNDQDuID_o,137
jiwlCAcOxAQ,137
kLkNogJ4Rpk,137
oBaoK2OPKwY,137
pdHQyQli2GE,137
tidIzbVHiu4,137
wSmJOLxfxow,137
wrGpkxEW3t8,137
yPW37-j2npU,137
3CiYof0qL6k,136
6z5x7SR---Q,136
90AcDA-1R8k,136
AZ1_3pC-kvY,136
B_WsW4PwyAQ,136
Ecg8XX85qfQ,136
H8Uj_LyzJQ4,136
MOMr1YDbv30,136
MXENT5Q7H2o,136
PwaB2GTgVCw,136
QVHKDN-yq-s,136
R5gB6jZY9tc,136
SyjzqxvNNEw,136
Ww_SNH4p1Ig,136
YmCF4vdlOd4,136
aHdQgKPYMQA,136
cCuEPFvjDls,136
hMetdS5gjko,136
jt76oD146EA,136
nPoEIUaAA50,136
rJr32z5UBek,136
wSp5STJKp_o,136
3QzwJTthVJY,135
D8M0hKw-XjI,135
E1wLYOFfQ88,135
IGJaPgVPY58,135
LiLCMFvELME,135
MYON39EVN64,135
NEtEYViyEd0,135
NiqOmni8CgA,135
NnjB4nrUiLo,135
QnE0ymX3Q-I,135
SWbjYMgMeG4,135
T0j0E_RNvuk,135
TGsxtIozHFA,135
XHNLnHRm0JE,135
XKy-68o_NpE,135
YJpzYuges1c,135
bDS8t0ybCaA,135
jMNWupxFRUA,135
zrUGu-JY7Y4,135
-ndye6C4cf0,134
8THbhrrRoTk,134
L79KqCN4FHI,134
OFvH8GPAuKI,134
RjCMNMkTVnw,134
Tt7G2lqozyY,134
Xp5YHZRWxKA,134
Zre58dvamQo,134
eVQfbZ4fBWE,134
tOVbxBUYQzI,134
4kmHxJDP2uo,133
5WM8uzJDQgE,133
6Lw-5Ib8PGE,133
AIcZ6z18xMQ,133
CcNmMVlpiXk,133
ILW8AnPaaLg,133
RffcBQFpg7g,133
TXTqdY6m3EM,133
bb1z1ZNAYQk,133
by_L482wBks,133
jHCSaS8UX9w,133
kkGVBeaWU8s,133
lCUv9oGVB0E,133
mXuqQrKgEzo,133
o3v29B5Z8ec,133
uUVuIUyCikY,133
w5A3A_Pykpw,133
z1wfwGhVT4E,133
0itVEp_TOW8,132
1AzeuSJ433Q,132
A49hOYJldzc,132
BmPpoH36rps,132
JJ6ZHYG_F0E,132
Mt9vDS3MQsg,132
Q7_5GsK_g30,132
T5KEIrrUvVo,132
TdRwgEOfs2o,132
ki-v5HCHpHU,132
pDMF90S7HwU,132
v2000V3oQIA,132
083lFeTFevA,131
1tu-ghqRr68,131
Ch0q31cfEIQ,131
H_I19q7YKIs,131
dZFruJ8jULY,131
etfr0n2LqNA,131
oLr811EtpAE,131
skIEukjlzh4,131
zlhis_0nBHw,131
020biWSQh8M,130
7ZFh7qI1xyg,130
8NEbzwdEjWg,130
Bcm3hicPcMY,130
GOEvw3Ts1Q0,130
Ie4TcaTWc7Q,130
TXYv4q8oy_o,130
V24YWm68erQ,130
WtH2pHiuquY,130
sJBiobO6kl0,130
svQfhaHM2T4,130
xbttvPugCoI,130
03YgUZQx3dc,129
0RtuS0RZzDc,129
3PTnzXozmhc,129
3wDoODktVfU,129
LEFJkxYWEiw,129
Ljq_TlvuO-k,129
MtUYiCY4UY4,129
ODXYcr6ijvw,129
RkWz7-PpFeE,129
SgpupILOCbs,129
X0lzn4gcXAc,129
gqWGZ3nQJGQ,129
lSvVUKaEHtE,129
mvqyunEhclo,129
qss9jFfrqwY,129
unnkypDCpkI,129
2zbYrjCCXNE,128
8vxUVvP-L3k,128
Attuh2N7OGA,128
FxRZWGRaMzI,128
UMjWtHjeQiI,128
g0FDfs1CoCA,128
ijna-KMo-uk,128
j7mv5J7yTgA,128
wx8WPPF_3R4,128
0avh01FU19Y,127
2roi8DhJGlU,127
3chdX7xYIFI,127
95D5dJeDaG8,127
E7ufDsZlOgM,127
Id414vM6RdQ,127
OZZu41_zXcw,127
Ocaimh0SHOY,127
PRG6iG9Tk5w,127
SE1Z9kGdyIg,127
TNcuELp1sIY,127
cEu4hmWv7_0,127
jhs9cxFfRtE,127
kslqD-uIlmE,127
rjTOCt8Sz4Y,127
zLcXSX6hRRM,127
-4i17fjvXU0,126
5mO-ixa_sws,126
HePFzAtnlIY,126
N0ne4vY-i8w,126
QizMwyx8jag,126
SnSM1tT2lTY,126
W57XUfk5dKU,126
Wp2d7PNECOc,126
bggU-_WWFnE,126
e4Be3muY9-E,126
ecsObC8XOQE,126
fKlg6O4M6wg,126
pzXJLIgNeuA,126
t16_pLBHyNQ,126
zguy5q1lfXc,126
0jtkUYluzJw,125
6ePFgVS7dCk,125
89Uw-f6mgQ0,125
8sWUrkAzPeM,125
BC6qhjxwAgQ,125
BC9cKGbXGPg,125
M-nXZCxzKho,125
oFrgP6C8pRY,125
qjz6csYW39E,125
tx52O5eMqdA,125
z5BMWrMKWPI,125
zOGQIj1tKqU,125
4FIh2st58Y4,124
5U0vVRmcmnA,124
5YRG6fInP3E,124
6Q04E899deA,124
7CI_SN2QARQ,124
BTMMhhFMEgQ,124
CMBmrW6LzV0,124
H_q0jsRXcG8,124
MXQqqhso7uc,124
YkgRBVmae30,124
Yq_YenpHz3I,124
_Zkx31kku4U,124
l7QRSz2nLQo,124
lzkVNOytGp4,124
p7P4fvfyso0,124
rZt-0O0nP1E,124
sNJ96-32aoc,124
vZb1xar9Uxk,124
5-cUYQ5u3x8,123
7XPro7as96Q,123
8DlU58Yi3Ww,123
8hde_7RsZ0k,123
McNEGpMFS6Y,123
O448f9UKGDQ,123
YpY_GGoIpF4,123
ZYKZl02Zq_Q,123
fBWPm5irwxk,123
i_TBcbav9cc,123
nTTjtlvfmTM,123
q4-zFn5-Tb0,123
qzHish4_rmU,123
sCYY2RPp0-E,123
sXWvndY-LmU,123
tiSdp224MHU,123
uzyuCAnd86Y,123
wAuZGcVvgHc,123
z44GM4uLgU0,123
6DmwFanCzfs,122
D3MOqhufRbk,122
PB8JazHcQ_k,122
QqhnUnPccOI,122
SdjPKy6aiMY,122
YTZDyArqRhM,122
dCH_fK3DD28,122
kQmBRrSdHW8,122
2WUoDOacRbg,121
7rMOVLWY5PU,121
95ypYghOgOI,121
J5j7OR_ldfM,121
MGgDHevAc8A,121
NMZrWNRvQoQ,121
SnYE-g51d1Y,121
UFdgmbktCmE,121
UHuoVcDkBuU,121
VhhU44OcWwE,121
_uxYLKjyVms,121
apu97YrB_5c,121
mA9iLFd3V8c,121
tMILFZ-RBhE,121
yoUR49L1zSQ,121
01nSKEB-kAg,120
4CKbwIC9zO0,120
8vQW0tN1UQs,120
HZlwKZgjj3Q,120
IRVVWmSA7Cc,120
Q7ZgpLkMZS0,120
ZiJQAB6WKXU,120
cn9apivdHGc,120
gY-okVLpgls,120
mZHgESpr_WI,120
qXHOq8wwkEQ,120
tbHs7IcLzNQ,120
3UqS4EI1Yxo,119
4lXjJDwzhkU,119
6hV0MH_Fx7s,119
9Zgs-FP5qzo,119
ESjBr9JAgRc,119
FEEt21evbNE,119
Fg2qs2GdQ5s,119
Grou8V55NMw,119
I9g-VePNWGs,119
SGHNWTK9GUg,119
Vg_8BjuN1UY,119
Wnf2SCcENxg,119
m3M3MPdUpaA,119
m7kKJioNfgg,119
-_B0hj6Om_Q,118
5pdueqvZV7U,118
AYOpUApxb1s,118
FX5fdFdFvCU,118
LcYoZ9ckBrc,118
O0h-iV2ehys,118
OFPjkMXrM8A,118
QrtHD6f9vnE,118
RafMmXu8Sgw,118
RpB6PylokV0,118
UDVs0pd98IA,118
XopYJRh8Jvo,118
lw2bAhSLpew,118
nEP-_Ogi1bA,118
r5K3rhGiKIk,118
yNaSFk0imfQ,118
z2s2pogllis,118
z8uF2d2xnt8,118
5flZd0iCbtw,117
Ai0KHTJ4SZI,117
BrGNpqlxScQ,117
JKNUDDVuvmA,117
LUUXFAcksPE,117
O11SQknSzwU,117
QO45txiZCH8,117
VcLn2F-vNDI,117
oX4qySRpdqE,117
uFxEnb7pSpY,117
zVz-AR0j9BU,117
0y_XvXj58Bo,116
5TqOjmcovxk,116
8B6_xdArL2U,116
E-ObsuDMqe4,116
EdVaYgRtAWQ,116
GKB6HrLWL70,116
GzjOEA-DRz8,116
MctOICUheCs,116
MyhitQnjT5k,116
RL-Up_pcF18,116
RVtX9ri5V7I,116
Rd2buBBLiKQ,116
X54ORCL6_3c,116
X97LB3FsTeE,116
Z2mkoJprayE,116
jjqX6KJz1vU,116
ozL-9jQQ73g,116
pJoxfdvsxDM,116
pKxafh6-t5w,116
tQW2xb-9k7c,116
u5-WqhaHOeM,116
wNmv3_8UrNs,116
4y_XYzjzdVw,115
C2N6bz-KBX0,115
DyKUYueBty0,115
Fpe89Fe3uvY,115
IKbTCxqUDk0,115
JdwI-Ci7MHQ,115
MydGr7jksOk,115
RJCsdwti9n0,115
Rs2lue4ZFDQ,115
Vb3z1qZlEoc,115
bPdmWJHOFZM,115
bxxh9V8HbFs,115
f6xSPmW-nL8,115
k9KftptdChI,115
-rgzYO2kLgw,114
3nK51MIQQ4Y,114
6h4oG8jonxI,114
7ivqMyVm4oE,114
BuunSuomBu0,114
D6vbeQv78WY,114
KrZXRYBckfQ,114
NORTcNcZUPQ,114
Qn-P7UdqkfY,114
Rm_PinJ8E4U,114
UXtErGZiS14,114
UcGNvMl4IHs,114
VildLhpaI6U,114
_KyZ-11zTxY,114
_tJHjMzzFN4,114
zyedY1fI438,114
-7gvQck95iE,113
0QhqG2-jhvw,113
14adQqflgMU,113
9-WIOApSqVQ,113
AHyFar_R2K0,113
HdXffI5lwPY,113
IBjrcpRc7OQ,113
LkhzPwRRc7A,113
O6chpiZFRW8,113
WyF704K2RkM,113
YUTW7SnxQBE,113
dEkbVxdDu54,113
dpUXUzclnrs,113
lGFgjjGi-tU,113
oA5q2RndVIE,113
yzqp-dF-dwo,113
zejYlKc02dM,113
4PVLZWcyGNU,112
4XBB2LeG8VE,112
80h_-UpWw4g,112
AdlbSndn2Eg,112
B8blIP_1W-E,112
Ln6UWSqRnVY,112
MrUizSPK7us,112
NQ6S1o80fNY,112
PYCSy28-2Jc,112
ViabgjKzRp0,112
WEqioWvtXrQ,112
aRA60BGEJQc,112
aS7qeaNyp6Q,112
b6s3NIIGpDs,112
fwqUK_JMGvE,112
hD09YgkCigk,112
hF-vwfjqH4E,112
jKue68Fuy3s,112
jh__h3-1jlY,112
mzEc7pDX2M4,112
vrt-Xi45gf0,112
93oGb1lxcfQ,111
IebvbOQm5n0,111
KAZiN5ROIFQ,111
MQuzfjr7cOY,111
Q78aVqyw-Q4,111
RK5re19Q6Wo,111
TC7bCrZSZ6w,111
UH3xC_FvXeM,111
Yy2vuFIgzPU,111
bJ9xdAInG_0,111
cw1YYDKHKeI,111
ibBNhhhTgMk,111
lH-f92nIAxw,111
mQ1QQ5r3Knw,111
osUxBZnN3_I,111
tl9qHkY_D3s,111
uEK01tSWAQA,111
utU8dueHIFY,111
yc_9yXltRFY,111
-hbEafAUk8o,110
0X4HyA9l_7U,110
8eGbQJc-z-s,110
L605CL1LyWw,110
PpyCrk9oxxg,110
RwqRP1SnY_g,110
TzBPc3SLyZM,110
Um3DXKWaX8I,110
UwsWiCjWvZo,110
Xz4qTf2uh0A,110
bFXH08PozQQ,110
cEZBECAAnf4,110
df0cytjCm9I,110
lLSIklQSMro,110
phmyMrw5leY,110
qevy6SoTULY,110
yWEQ41t9i8U,110
zuCX0UuSEKw,110
1EcmBMXodBE,109
88RCwqyEB4Q,109
9Ps4T0oxfmA,109
ADdUgoZL6i8,109
CwMuj7eZEsc,109
DhcEs4AB4eU,109
Hl03Bpfllx4,109
K2OR8ELjwuc,109
XZYDv4dgJh8,109
XsQNOOvogZo,109
Xv69mjXtbNE,109
YbCzHgqPYPg,109
_8VXHXz0Crk,109
dU6HLkKTpPg,109
hG5pGkEO9x0,109
jeuh5LQHXY0,109
qF1kkvYvrA8,109
ySUbhukNZ8c,109
2Iw5cUPtSdA,108
2l4c8PhrZmo,108
3uCYhevAJhM,108
GlUD1tYaXmU,108
O3VQ7jfmWNA,108
QA5nmPsB8Fc,108
T2kSFUlg7Zg,108
VMd_flp7A2I,108
ae4HERgVe3w,108
dYcslRE5pY8,108
dxjj5p7y8ds,108
g0YB2gfqFzM,108
jDiaIO7eVvU,108
kD49hZOAWrk,108
pb-QD8Pgkqo,108
xI9ZFwfu0kY,108
zAhsUXqJZ1E,108
-Cqv-NZNnTg,107
0AO2XiTVeBo,107
2gS9Z-xiMHU,107
4F6GGZxcICE,107
5Mu_inFM31o,107
6j58lfnr23E,107
8CgFIaMBXTQ,107
Aw54uetqZEY,107
Fwtx5daKjFM,107
HFJu1MXbL88,107
MUolPEq_VtA,107
NLw4GTFHlKw,107
NYPqZAk5kcM,107
OQAwpRS6wII,107
QPM4x_mz9Ik,107
QsM_SdmeOBs,107
RApdjV9w1xk,107
TEYq1u-pAVE,107
WZ1LH1kAGo8,107
eScHh8VIVuA,107
jz-YGDIhroE,107
kr2tTST94y4,107
petsbG-UtUI,107
u9a_VFn46x0,107
6Y7ReyD7IZo,106
6YLoDt-qOCg,106
8vg2D3Pi9Rk,106
CThkd5Et_mQ,106
_k7uuQdDrKo,106
aNRNghAm6zs,106
b7JsyYZxAlI,106
ftoUlyIPoTI,106
nIdp3OtktfY,106
o4VWXUZ3vPM,106
2JmGQI8Yq8g,105
4CdDPzaOfA0,105
6lxg5gf-aHc,105
93-HGecJzRw,105
BycotOYJrDw,105
DUZXm3j_VaE,105
Iw4RtZ0rbC4,105
JDQHIIqU38w,105
Le3fI9MMfvQ,105
QS8Dd1m-5ZA,105
U8Be_74wbyo,105
YL5uNgYJ3zI,105
_ABmxFb8T0k,105
lI2sTmQfdRA,105
lalmj4i4-eM,105
n-o7w3HBUWI,105
qOP7ufRVulg,105
rgErner0vyY,105
t8Ogz2tpkz8,105
tQMajyCneT4,105
tuqugzk8Vw8,105
vyLR52hb5MY,105
yaS0IxFGbNY,105
2BLfYEB9U1M,104
3g6RjD2ZgmU,104
4Iw6xPI3N_I,104
89aB6SX2y40,104
AWHSn9qTXSo,104
AiyCbwwlQ2Y,104
CTP1Lp6rI3A,104
DxcBX5-ZDEg,104
Ff5b_HDwGx0,104
GMzW1tFMjvk,104
GfuT5PIowGo,104
KmP4pgzbbOc,104
LwIsEu-SlqY,104
PLqN6Xk_GEg,104
RpXJlm3TEfQ,104
S132X-R_MGg,104
TDtVbOrME_Y,104
UKJH0SimYa0,104
c8I3w4aj0oY,104
eM_1ZO-GwyA,104
hkXs0L2ocO4,104
jac1339qAtk,104
nOwQd4QRD34,104
xCbCtRnuV4o,104
xPquYgGbAMA,104
-oGQ4WRRMTY,103
2kS28OmnSAw,103
6HM06awuoIw,103
9TlTIy14jwA,103
EEI1olGL6Pk,103
M9RqiCq0NH8,103
N0yp25W_j_M,103
bB4NWukPyzk,103
bBnE0DzjOyM,103
bZAh4YF30ig,103
cJctcEmx-eY,103
dKm1t_Jo-8I,103
emXVfUJ2aPY,103
f-S0IGnQgbg,103
f5q1k3jG3BM,103
lNgymdf0h3A,103
nGcuJo5gZSg,103
pADtIGNVCYM,103
qcTkErt0n9s,103
xt9fgCqMfO0,103
0iJQjFo09JM,102
0rPkDgWIrWg,102
3Ug6gJgV8T8,102
4ddpjpk9soU,102
71MMLKiR6L4,102
CP4g0tHE70Q,102
DJ4aBaMZRXA,102
Js6D66bfx6U,102
Jsh-7t2WByQ,102
MtaU1dQBpgU,102
O66uuThSf_E,102
PxhiEIirAPM,102
axmw3rXt9c8,102
frXBkYmrOUA,102
vOpGSQleask,102
zmhRqzdG4CQ,102
18jotx-vWak,101
4UB3tgGcV0U,101
HgbIbS0Iigs,101
KHGge30zkRw,101
V6MHfo1XsiE,101
WbmADJckXT0,101
XlWuatxCqns,101
hC6s_Qu0Ed8,101
pmYon9t6cb8,101
siK3ZUlw_1w,101
-yULF4H6ZVc,100
811tSFEWfRk,100
E7EZIIctT_o,100
H2CCDBi7KT8,100
HQkojD8zLr0,100
J78m-ydqXes,100
Q2g9YwhyIl0,100
UxKI-pSKGes,100
lEFvcIpvGEU,100
lRuFvGTIL38,100
me7uor8wg1I,100
qHcdvPpUU6I,100
tAb2SFmBwwU,100
xTG3YOu2HpY,100
ziToSKxklU8,100
4Wdbv2--Dts,99
4xiKHkmzATA,99
95vOLW6kODA,99
BXRVLuqoE1I,99
ITLti0Y17Sk,99
KLQumwlqgas,99
LrUtFqcll3I,99
NkHFh_ovSPk,99
fizA899TAVI,99
i5Ys5xjE7_U,99
s5EdaBPnp5g,99
zOb1xrAuop8,99
0iBgz3jwZZU,98
54QlhPa4m7o,98
7QoCslYlfgs,98
ECZh00EvK8w,98
HFnVOgApx6U,98
HNOuBNQ7B4Y,98
I2Anzh79a2I,98
UqImGfPbfXI,98
Y2FaOyfuoec,98
ZwIjy1I71ws,98
jLdK4iKqi0s,98
jtQcruCVKls,98
qZfaejBfYB4,98
sMCq-k74yxw,98
waqJyvLN1SI,98
y9HjPQS11-g,98
-UNakQf2XGM,97
GdedSVictMk,97
JbyJMdCD90I,97
Pd2_whRoMXc,97
SCLCvPjitKU,97
T20SQbYpu1M,97
U-7-kEvGlfE,97
VmxOoT6VU_c,97
XVAKJRYbbpc,97
cG5tObAEnQI,97
dIXZlWzW4ws,97
g_d_yws2p4Y,97
mIAPScffnTQ,97
-QqjBVtGKJI,96
3GeHEHGE_Fc,96
AQ8v9sTUcL4,96
BNCWxCSKsLg,96
GFql9Q-80HA,96
JRO_q860Jtg,96
LaaE-uwz3lg,96
PNNm131LTH8,96
ThMGxt14PqQ,96
WervTy48BlY,96
WlOqoERXZUQ,96
WrRu--h6k3A,96
ZF4gtK-AtEs,96
_gNd-6y-p6s,96
czJ3CzEmzW8,96
h_xOhxMqWlE,96
paknNaUjj4g,96
pmyBMKjfZj0,96
sofrSwxmLgg,96
-Kquuudw71w,95
3TwvFBWudsM,95
69ApiaG9p2o,95
7y4kMmxXSgU,95
81si6eY9utE,95
IUsiS3NX4qM,95
KMVSP2iYxQU,95
PrZNgDPwzxg,95
QKj1wHlodbk,95
UzE8YraezdM,95
XLOy5ArGYQo,95
aVRv65JwjME,95
cRAMJLKmbHs,95
cw3CR7GPRZs,95
iJYNovEzYgc,95
kQH4k3DPBJc,95
tgzZS4znZbk,95
xD5NK-D8npQ,95
xjV9OmMR-XM,95
-r-BBXIDDuc,94
35rgXpfJVxo,94
7YTlPehW06k,94
87kXwSDShnU,94
BdpOVB466K0,94
LqE_stgUhcs,94
PgfOokxaJuM,94
TPLtArHLq2w,94
c4GqzLVPovY,94
lqwc7IOfgH8,94
mpYaokwgSp4,94
oHt6hnLTe5c,94
r2u7dKdqMEA,94
rI-wNMWmMec,94
weAp7hpyxKw,94
x2FOvtEa0h0,94
yQgRtkugbnY,94
1SgdmBH56RA,93
2Fxb0DuBAlE,93
2rnbuNhoZj4,93
3pwNjP-6DSw,93
7ZfXJeITqSM,93
ANGnJ6LJuIk,93
CU-GN0bIFt8,93
CjCwwHlKJSE,93
LXyh_P-seRo,93
M6d7gMJTWaE,93
Np7BH-gSzm0,93
OHrwbVNfeKE,93
OuFsGHJvgys,93
YTWsXB1hB80,93
aQ_cQ3Imd7U,93
f_AmHBcDJgg,93
hmhsCbWMta0,93
hpjQe7wHMRQ,93
iIiwla7TeRk,93
prrv3mTxQb0,93
tF9J1oq6GRs,93
xKzbigg3-VA,93
z4gVVP9kPaA,93
-gnWIzNQaZE,92
0Ewam7zfAtQ,92
5ZrIxIN99hI,92
6IA7he6N32A,92
BK8hqzrrOaQ,92
E2019XVJF0I,92
L7gCfbXLae0,92
PMSZngLMZ2o,92
TC-56xTAD6k,92
Vve9fuvAtR0,92
bZtqd9EhOuE,92
bn_Z1W5PDEE,92
iuQGetTq_Nk,92
kUnO1PzcqtI,92
om7myX2t5dg,92
svATSi4Kaps,92
w0dxdajJFPY,92
w56lsGlcsfQ,92
wk3D7kpdPkc,92
-RlaY8a1v-Q,91
08Y1tYmmVEQ,91
39VeXbSEUf8,91
7fBbzfFx5cs,91
EeyOX9rYHZc,91
kHog3o3S0Tk,91
lPM1zdugtok,91
lbt6osD_UO8,91
qJ_PPrnzrRc,91
rV7-sllYumQ,91
snTwi7xtocQ,91
woDbst5LJrU,91
78TA8vpObew,90
BxM0Q_-oh-8,90
Cdr_3tdg7_s,90
CyWd159waLM,90
D5Kp7D-xIHk,90
NS_aDY8g944,90
_DSbmhkHjM8,90
jf22RUODbzc,90
m-vbnAVR2Yk,90
0eah_cm2VcQ,89
2MFW5ePWfl8,89
C3LDAwaHCEQ,89
Dx_AZo2Qciw,89
EvW7X9EWab8,89
JuOWoGpqg1I,89
QO5AlNl03Q4,89
VldG_1yb_R8,89
Yw_Bc-zP9-Q,89
cSJYlxnIeKE,89
htBuSAQbvao,89
iAHVKVhP_uI,89
iaVTcGDg6YY,89
jXMt81aJOI4,89
oCRJE4oaosI,89
o_th96HU3hA,89
y9hMlNmOkqs,89
zXb7_LYAx-M,89
64l_NVj6e10,88
6FuRx9ecUFc,88
AFahxcFtqjE,88
AbfC5Lbi64k,88
G4IurWqjWNE,88
M5cQuriISNs,88
YKbP7p32dIg,88
ZMrtZrqOLhY,88
ba8M2E8C2sI,88
-r5REjbso6A,87
24nXaVxNYI4,87
7AWr60yRlzI,87
AUx2pcf-AWU,87
D69QI3J4VEg,87
Md8IHZkG8GU,87
NsNJCTDpy4Q,87
RAaSaqZCBg8,87
RmEFcElzb0M,87
SB8SBMoo0sM,87
_Xjd_W8v4F0,87
ghWggN4qQjU,87
iyrCFmCBQ8s,87
m0Hqdq_msfE,87
nYBXz7FT-F0,87
ulE3JM-XbWc,87
xbuiPNQPzH0,87
7ras1-O0UPY,86
CCMJdAkzQE0,86
JKSxy9LealA,86
Xw61J0JKrbQ,86
ZSMd02hRsQA,86
crlNvg6GiaM,86
fM07fxoIQlI,86
lJUOTvFpZUs,86
m4DsDOgKgCE,86
0VNQjE0Jc2M,85
1GifgmoL-ZA,85
ExTw0pfeZMA,85
IJ3JtmveKzs,85
Jf5ft2YH5Xc,85
Jo6M636Had0,85
Ng2bkE08rt4,85
PcBXBqrfrzw,85
UPKsAAsnnWw,85
bW90cYwmxao,85
c4zDDVKmoKE,85
cIV5x8NXTG0,85
jIdYIQEYg-I,85
pT0nHQD7IMA,85
rOM8N8JHeNM,85
t6L0W4iDog4,85
tshF9c8SdnY,85
vxgfMoXDBLc,85
2Eo2Ra9EHKg,84
5L_zW9rOHvA,84
6lnWx8_0NJ4,84
AhXWe4X7-kE,84
NuAm7LOLNmw,84
TidApEN19hk,84
Zr-0tfWR57M,84
iqehnJlK6bo,84
l44yWbrCaf8,84
-G8Z9GGS_9g,83
1K1RWOYH2YQ,83
9Bd1Aro72Gg,83
Rus0ght1j34,83
Sw-J7b1HdiI,83
aFiz5att4X8,83
aIwxC6w48O4,83
dtCDs4dWrLI,83
hV9J2fSzDKc,83
mcGY4Q4yiLo,83
qiyY9f_y3kg,83
3RGzX4Oui5w,82
KS1GJJz_Aes,82
QwDnV49UUX0,82
a27jNgTKwIw,82
bXtR2aJDjWw,82
cs1Eo0iU_Qs,82
dkGlrkjhrOI,82
hti7ZxTCuE0,82
i1T3qS2Aicc,82
iAreu4sSvlE,82
lb_ZJylekWo,82
ukK9PYPSl2w,82
ylSTvo44Cls,82
5boq4j07irM,81
9H3BHOriDPU,81
Cd_2mtTciLA,81
M6-y2lxCE5k,81
UiCLTjfXYlA,81
VE6c71uul9M,81
XhDv3EAyKIg,81
Z1D8sCkemgU,81
_aXOEFCF8UU,81
dRyXICjQV20,81
ebouvJr8iA8,81
fcv3z2y5wes,81
obUWrYTXj4o,81
22LjM_9hmmA,80
36GW_NY3Yno,80
3emvc9KhQE0,80
80o6jbB_jnM,80
DI4HVtbrDqA,80
Na2PMDiwkNE,80
O3glBbGjv20,80
U9KULArWYNI,80
bEQ5BprfjwM,80
jUiEEUBzfME,80
jjAcEY7qg94,80
oskhONuGABo,80
uT7AHXscVeA,80
ui3g81A-qYo,80
xenLiSmx7fU,80
yW_lWS5AlZs,80
2B-HwWqRj0w,79
4Tw0V9UG804,79
6y5oyAytLso,79
8zxaJSGUm3k,79
97_n-qH-hLQ,79
BjMkyI4VqYU,79
DCS-caNNYr8,79
GLeVk15u_2Y,79
LKjyWelJxpw,79
MTPadHemxpo,79
PA_Vz20lnzU,79
QPO9Ua1ZPFU,79
aWqb8Ps1XYI,79
cCJ4d_AsfYg,79
eccHXq1B0eE,79
jFqpYlr-lis,79
s6fj5nD5b7Y,79
9mUDg1Q7DUA,78
FIY_oDSnPdE,78
G-zosxbQFYQ,78
MpodQeyYl8k,78
O_BG4dPZ5A0,78
RhNQnpNAjh8,78
SL-Rn_H_fNI,78
mHZchlXQ80o,78
q9WSevFkjuQ,78
qPMswL15qzs,78
vDf_RHXyjeE,78
wQZJvuEHFq0,78
2ksh0gL5FuY,77
8zM1L7wLTCw,77
DgJ_hoDWm3s,77
KzQ-t8g7iZQ,77
NA3R3OInc74,77
WXfnqzU-R84,77
d1e6FGwdO88,77
sPzOoB2XGos,77
srF2T8P-BP4,77
xdZNfRF9kqY,77
xzjctqKvNA8,77
78h-hurbxzY,76
AifTTFSQfqw,76
AsQULSXGqLc,76
IA5xHX2lKVo,76
L5MyYYGgGT0,76
X6qwnR6XbeQ,76
bya_AHxMltU,76
cxFWK0WPCRE,76
dLgUc-p6INE,76
fm5AVI01UsA,76
n_taVndPVNk,76
sWPzOdHhVVs,76
yLOqJuZukbI,76
1hNju_BdoQ4,75
1m43Eu2ADWE,75
4rVylaQ8_9c,75
50Xu1YwqrxM,75
ANUworwyntc,75
CzbNiYJm8vk,75
G0WA_nixDJY,75
aHIiNxKV7NA,75
cyVG7cNUkxw,75
in4GVGy0sSI,75
jtSyb099ovE,75
vPhY5ggQK08,75
xzgQYgAg5Os,75
zt_f72i8VfE,75
4OD4htggKpI,74
CnldFm1n4cU,74
FvVwaiCwFIA,74
FwopairkKe0,74
Z8EG2RVuz5w,74
_LjTkAFwidg,74
bCjAl3qIi_k,74
gZztVapyUFg,74
lNmNS-63gNs,74
mrByaRTEqj0,74
n_Bd8aVm5eg,74
otHfHQjUQBo,74
sL8SM1jZAgw,74
t159jnqbQfU,74
t6LFyF5-Mqo,74
zQjMEfblj0Y,74
-oebw2Qf7Lc,73
1km_uxAUD9k,73
8dXYpgmxyKY,73
9QyTqDHMzVU,73
Ac3t53bzryA,73
Bqhp-hmpLW0,73
Ej9QgA6HQYQ,73
KDxflXO5ngk,73
KNPg3rCbf-E,73
MHjqvN4rTzg,73
OShZiWztS0g,73
TSFge2kpn8k,73
cSATDbrezNs,73
cY0J8UNEB3U,73
pcVEDtJBy1g,73
r5wGWuD-JyY,73
rX9IkD8Aprw,73
t01yHqGTKNU,73
01TVhX7ilAw,72
1b0IfsiEKJg,72
7ssuWfdDTdA,72
BDVDz0JVGw4,72
D02nVcF9E1E,72
MljoPQ2iMxw,72
WzJeBIO2ON4,72
dtjt9D2FZ9w,72
e2PHxi9mkBE,72
iuzj71Gd0Bo,72
kaDrEd5ORoE,72
rQK2NAOCLLM,72
upMh8pGjRMY,72
-VxoF-s8fDU,71
-ftMyrUEh1M,71
0BR2LplNO7k,71
36ym8ocTHmA,71
3pnsmOTSE7U,71
D7knDMUpkfc,71
HwAG6mMYAo8,71
JSXzzGBCsNU,71
P2UWc4QUV9E,71
PaqAhA4aLew,71
SJmF6mG4qH0,71
V8esckMiMMk,71
hBLQvrtzTAc,71
j9XTeNdK7so,71
jnpD_ONKX5A,71
mGE69LoiXw4,71
nxIOAeFr47I,71
qtKObm3cshE,71
r2fcnrHd7oo,71
sYdnMXrBrc0,71
tiQsnabgmD8,71
u4Z75irXoJc,71
4u0cs_LaGw4,70
6e4pSe1TkKY,70
Hy8FXVQ7gw8,70
KLBAD5HWLpo,70
MpCoVxa_kVM,70
Ovpsc5dOQzo,70
UnifmzP8mGc,70
Ve7pL_1sV4U,70
WNlKqw924MY,70
bLmqTbenE28,70
e6HdxQBPeTk,70
ok25jr6lCAg,70
p4pMOPgmm7I,70
pxSUr0kvrXA,70
xAktIleLvpE,70
ytPrpPWzLZU,70
-0k881ES7Bo,69
6IcrlaX5gm4,69
7jAgkiseH_E,69
9B7tR6uuGsA,69
LPSDcDkvnAw,69
M5v8G3W2eH4,69
PcpDgW-5y7Y,69
V3eAY2KO-t8,69
Y-zx5pOSLUU,69
ZjgFwCTHOWg,69
gkvdjxeEpi4,69
oToLgew6lQg,69
pzl0cSkhpiw,69
s1DedP5GyfU,69
ugQXLcihSko,69
w8pLAwvCG6k,69
9jZDpyrPb_Q,68
Dj0oHlVD0Q0,68
F5oyz9Y33UI,68
F9Kl-by33a0,68
GWqfElbIxFE,68
VwzG6egSIys,68
gVMZgXX0qvQ,68
kkDGpZaQkB0,68
lYZ5nhXENUg,68
rGlpnYb0egg,68
rjU5X0vSUhs,68
xZF9akYvFGw,68
2f6CuSWjcyU,67
FFrdlp2oKTY,67
G_qrQWjnxeE,67
KBpbi36Vfgk,67
RIDJitRNpAU,67
Wr7B5HLa4H4,67
h_LimiwhfcU,67
iA0MKH94T_A,67
sy5gyY30C2s,67
yD3cA3Z6-xs,67
-35sQlQ8tYc,66
3GLf3uPoEQw,66
8SuZTLWNlpc,66
9I4VW5BIXAA,66
Buxywk-wPtc,66
DRzyVJCX-VA,66
EmC3blnqqIU,66
FOEHK_y0hXk,66
Mi3q_upPjBM,66
SMw9CSNuZQY,66
YD_H_jYXq2Y,66
dXsBCTQBEpY,66
dpGJkME02rg,66
tbK_y237L00,66
w6wA2Dqnn60,66
0vK9UHbj3cQ,65
15GVSo6JARE,65
5_8no_RFCjw,65
PDZcsvibQxg,65
QqoiGeJpOiQ,65
RrTZRVM6SbE,65
WEVwY3XkTrI,65
WVRA3v15ml4,65
bv9VDVmWE9s,65
dZjYkNNWSPA,65
iOQaZF3Lolk,65
kd7yZDmHvs0,65
lYIC89r7ed8,65
ljLFlLK0hfk,65
poYFNr0p5yk,65
sl_lUtct4J8,65
tlR_nXw6yC8,65
w3_7PO2SssE,65
wI4AWaCnTmo,65
1osZvX-5Aa0,64
9rwSvOXjUEQ,64
ERpu2NUF85c,64
G9MitscoQ-E,64
IpgJ0CnONec,64
JAX3RUF3-uM,64
RXPL14SJ7jE,64
SF4P7PsqX6A,64
Z8YqD9p1DvY,64
fDkNe1K9IJI,64
ffjOGFD0h0A,64
uuoF_lQ7VRw,64
xJyYjhyJKn8,64
-LJovum2s8s,63
1O8zaIH7rMI,63
6oy5XaKKqAI,63
8WnmM12Xtjk,63
Audfgmie36g,63
Cg3YMWcjLI4,63
G47hbqEKo64,63
Jtr9V-n1E0s,63
NbkLClgM_nQ,63
NqqxAANNyLU,63
Pskq5uHT57g,63
Q30x58BIeHY,63
TI0TfaIpr9s,63
ZATDOUCTKs8,63
_2KMqba4j7c,63
dYp-KUK73RE,63
l-bvbpNybBs,63
lenpARWMyEY,63
lfSy4rJcpEQ,63
o6msnQHTXA4,63
rMIZ2oEd5WU,63
u6xSSTUPT7k,63
xB3oRvD2a0k,63
xiIgzN-rtgc,63
3RgONp-95ss,62
6pxdHAeuvh8,62
DYgSsjQUroI,62
FCtEFAcW_KY,62
JwoOhvGmXLA,62
P3JQ9LYJDSY,62
YPVqU8qe3os,62
kdR1PgYrhUc,62
lLWqIKZ6lnU,62
m1KYFdHX8Aw,62
pGCBtFPWwHk,62
qSJ8EuuVr-Y,62
q_mVFP6DyXc,62
yTISc5H-qbU,62
-_q4_W--L4c,61
7zo1JnSjk-0,61
9pbvo9KPOc8,61
Ccsqvpm28JU,61
D7eNeon9vKU,61
E89vXdLGbtA,61
XF0RF_jwElA,61
gTyuVKJG0hY,61
k5lpdgPlBsw,61
nkcz3mjtgBU,61
pDVKH9v98vY,61
8PA08j_wDBM,60
Ag8RRl0AmH8,60
W3QtP1hLBcQ,60
ii08sxvgo-g,60
iyjAsYUuuxg,60
oNCjPtCCix0,60
qWrzQ8gPmdM,60
yTa32ZQwqO0,60
zbiqWuMoSKU,60
0F_bMtJEtFg,59
4o9gqFBxTFo,59
Bg6b4GfNrus,59
C73M1TYSzYc,59
GrT1BR-Aqvk,59
IhT2x4CK_0c,59
KVb_-3piAkU,59
Ko4hSIkKygE,59
VXs0dzlAggg,59
bH8MHW54q_g,59
e0eVfMLiW5A,59
fUgJ-0jeZBU,59
oWPTo656eLw,59
p9jCniZ5Yh0,59
4-ZEux2hOzs,58
5JjZvBmjKcA,58
7bU6eiexM7I,58
BUhRIpVbLeY,58
B_KM4JF5VBg,58
ELyl4szwy7Y,58
IZHwK7qfz9s,58
PpZLjA3lnek,58
_WvnBaPNnmk,58
_a2umM1BKuo,58
ffp8R0D0xfM,58
h9gB3wgXKsU,58
nn1Fr4dtRZU,58
6U0gz6SWRhg,57
FAmdvb_1y-o,57
VaW2BNNCnrE,57
cWCVeRg-idA,57
fachOd-3aTo,57
nsp639izIKg,57
oipC_2eL9fs,57
BRrkRQ_NIgQ,56
Bml9ksLwLPM,56
E3CxAg7VQ7s,56
GGYaQKjERtU,56
KwnbT-ibU7g,56
S6EzcqVWbC0,56
XtG14DalxYI,56
gEOVPe5brOs,56
jOAuTbzjOlc,56
nmjmtlwKE6w,56
or9Euc7UmrA,56
pl9QBCrIVbI,56
qjA4OHStN0E,56
6DULur46WaU,55
Abw5LIIfgEo,55
JXf13fKBupg,55
P9_IZ5LxbhU,55
XAAEAKxv5sw,55
cFx9bFaLXFk,55
tegcxIBaRrM,55
6Gmwlhl9Rfk,54
CEBq_JMev_4,54
HWHOUi5u5HU,54
dKaugxnUiK4,54
dsEk5qwG1Fw,54
igE3K04po6c,54
qXFYPOt-p-Q,54
0OkbJcdm-Yg,53
7Lcb8grMGok,53
7SQIIUSywcg,53
BvGE2ZpZD0Q,53
DJO3IZlBG70,53
GF--Nxvk0mI,53
PBIqBMEcrSU,53
XKnXOyteR9U,53
kYjMfKQaDQs,53
peHbg1R3Mbg,53
89ayZn4a3QI,52
DcvdOWitb3I,52
E7Z0q6YY2k0,52
EFqPBcl3mHk,52
ERpLWpw4I04,52
H6CwKzZhVSA,52
HVLWBEa4n-g,52
J_sFWdn6DoE,52
QFdaxf30gT8,52
T2gEcuP9EwQ,52
TBIcrv2S9Ww,52
Tye2AoTCDwk,52
gnnwbtkJUmc,52
yYLazvMXn7U,52
5j85YMgduYM,51
IWkK9SPbmVU,51
UegMzjeZqUA,51
WJY0nfvzruc,51
jqTYk7VuZgo,51
okeMFt34iJc,51
qE_mdeJ4qKs,51
vdjGehsctaI,51
1vzgiQsXixY,50
5sX0gWg1qm4,50
dRFXqGSMRPY,50
dyg3FegZNu8,50
f9GiZUoqps4,50
fNWZP14-zZ4,50
gHYdrSdtmJI,50
pecytVgKkw8,50
sjwYQ4kIgEw,50
vcBIlrvXPtQ,50
x06ifnYlwXw,50
7yddyv5sHwo,49
9Nz2MXWVKUA,49
9rPHtQeY1g0,49
OJOXJMuLXdY,49
OerESGWTwVY,49
_yCDIH4SIDI,49
a8MnQGYShV8,49
hLjQEdNo8qM,49
q_eYpD_8xvY,49
w8AyE2b4K3w,49
worY4xZA2mY,49
51O_Q6j1cP4,48
AqONlrw7STo,48
C1ni-V3U1E8,48
L2Jud35UH14,48
UMIQRrriqlI,48
XmDLXDnawI0,48
YN6QWdmIV7U,48
_UjPeOdlWJg,48
fEluB5im_vw,48
wa2zQqTkvsM,48
-FT8a8p3z9U,47
7AY90uw6k0E,47
7qu3c1SUHPg,47
8LZaOY2lrl4,47
D1iz377zJzc,47
DBtUH-m_Ia0,47
IRdMbMWfBWw,47
IVdgGcyWASY,47
NH7q7XwQQKY,47
PLDMijMvS5o,47
S0NpGWMQRtg,47
nNhtv1J0zWo,47
xRzFbAmuxFM,47
zSWzFTo1MiY,47
8NnrCP2kFEA,46
gkCTldcKNmw,46
p7tdvmxh7-g,46
rL4QOpcap8k,46
5X7AmngnMYA,45
D2b-pZdtFLs,45
FKICX65Lkss,45
MvPlPhTpXNE,45
PtnA9FvItkc,45
QrOR9ge32Fw,45
VOngn_NjG-s,45
WSHhlCrOJWY,45
WsIqr1UGMyk,45
z0Ath3kw544,45
1HwiNTiz1zA,44
GbFo_cBoxhk,44
O4y2ExzqZw0,44
R0woU7dnxqs,44
gHPRD7E7Dp8,44
qXgM-h5OjoU,44
sOOrSdBQZF8,44
19gdBP1-PTg,43
1vziIBWjYx0,43
2ec4Oa2L1fo,43
3FEDs6RqBhw,43
ANSIUnZQ4Jc,43
Dl9gPBasyv4,43
K54XDRxw6BM,43
K_wHpvTWTt4,43
Rw9l5H7gapw,43
z6aXBMGUUvc,43
-cQvtc61Zys,42
8Vs0aC8wa9A,42
9LykeRDVYEM,42
GBnhbgtnFp0,42
GfJnXfo-3oM,42
LImZlrLaUWc,42
a4rUKwvjoEA,42
bLd1nfP6t0A,42
h5zDyWfR4L8,42
l_P5zWQXr2s,42
ltNH4SQyJz8,42
wYFOu0mMlu4,42
7ixQZo0OAko,41
D7HwyePDRSI,41
c0N9RJxANgs,41
d_oik-v4FoM,41
kzE7mw7wh38,41
wfkJhJDGqys,41
EgwNK58iC7s,40
QQw2yQchQ2Q,40
VZL-EwUiA9I,40
cbYsnwLvNcY,40
lRv2lue9e3I,40
oHEUQ3W3FeI,40
wFK5z74ipw4,40
yuMhlDgz6JM,40
KUwstOYhmpw,39
MUYepJ5fNp8,39
Rix0fXsS0Iw,39
_RyQvDEQVxA,39
lygt-hV6iDU,39
sSJyIZ-kONM,39
x_DGYxNesIU,39
-Qk-iS1mj4A,38
7SVhnwqjEIs,38
IeX-vk_PBz8,38
MV5hnomamvY,38
PNVcVV9gCpY,38
QAQNgUnpkPM,38
k7rDzU4TSbo,38
sT_m0wvm4jw,38
sh9KFe4bumQ,38
4Jh2G4Q-Zwc,37
4RNOe31n9U4,37
54qHAlBtMUw,37
AFiS6q8BaD8,37
C0WE3w83PZ4,37
CHKaghzhBLw,37
CoQCsmqL3Us,37
DKn5pOUlD2E,37
MeBnfcknK8c,37
_SpexZovTjg,37
czgYcaC_wuo,37
uExjwhKBjlc,37
16yLb_rAQkk,36
Ymcck_5XhfI,36
c5Bs3ILUWks,36
yRXUBCobMUY,36
04Vdesa_VlI,35
071AJxJ9pHM,35
P2olkCH3-7U,35
cpb83M0ZqeM,35
i5M6TLoIWgo,35
o5Z7dWxUBT0,35
Nixrj-82pd4,34
TRjJTEU4MiA,34
j0dwTGxUSAc,34
k_XkuJzGpYI,34
lb0GPuaN708,34
4NBhuHM9P9A,33
9AdixAJVTO0,33
HgkGHYUnayQ,33
InlUeKSmdpI,33
MKevsI2mqY8,33
QNT9pEq3Z2s,33
WiaGcTggWRg,33
fH4uD9ZqCe8,33
7J73arwqcJ0,32
9dsKyYyvaqQ,32
CJ8tlYCrTwA,32
FSljuE--FQI,32
FVkKlUeaMkE,32
YoxMRcXjf3U,32
Z1xjrSclcgU,32
fjFZAXPbdpc,32
hwPOGIowOTs,32
9YtXCDJGkoU,31
GKnFZ76dV5s,31
U4yIa_mC6lo,31
bVGWx4k58U0,31
44stP5-XRFU,30
5iJwCkn8ySI,30
5q9917wJpfA,30
D5WyQe-zZVM,30
NOtP_NXPyl8,30
VparX3PDimM,30
gtvlEDODWHw,30
C067qePguRk,29
GPvOlzukz8s,29
qrZOxwWk3Ww,29
uEftPBmbFH8,29
z4Www7qrWIo,29
8ZqWcmB1FTk,28
bTIcWTHRQ5c,28
dY3UwefvCJE,28
fDYBRMyMGPA,28
s9P3hgZ6YZs,28
9xuQx905BpI,27
DA6J5XrTGuU,27
IXErIyoCewU,27
KGjFGjviwZo,27
Wb3sBKd8UK4,27
Yva8nhDsP0c,27
inbO0sDvpwk,27
pJadwEtPOgI,27
-q5YA5zAo-Q,26
4HcuowIBp34,26
7O9CfsyXRIY,26
TggTKHTzT8U,26
quOdLN6CNq4,26
s7ht1IZnJp8,26
4kuK4FUN0Gs,25
4ty8AoMjjJ0,25
8lgr9Pjqils,25
DMxnIf4wcnE,25
MpGyxvTgh7M,25
daQe7gUAb28,25
g40hoh2kzH0,25
svU90c8mWqo,25
uHHTiomc_e4,25
uz_CX0h2Uh8,25
-2DKPhdxv0s,24
0vYPM8mBB8o,24
2RmH0ppkuzA,24
B5IOoLjx68E,24
CnYB50RFthM,24
FUSdPjsvw7M,24
Nc_8mhoHeL0,24
P5UzIzZdLhI,24
SXP5s-uILys,24
WZCXD7VGTQk,24
YO5LSkswKqw,24
Av7929nkvj0,23
BUspbdpPaTc,23
MM3j8cCgm0w,23
O03nZ_roO7o,23
X4WwtSZUDeY,23
f8fse5PuIPI,23
qHV20f1iAMM,23
2Y02D80R0GU,22
NfoiMaBpSm8,22
WxaBw3g4X08,22
mxU6Gn0mu-w,22
B_1AhY5k2Hg,21
GCx-VVt1H2Q,21
yaNjplK3MgE,21
zGSdKZK_jVo,21
8quDEptiDPg,20
DWxk_VJA4tY,20
KhwNsXli5cM,20
e081ymmy4B4,20
hIkQWL53Aj0,20
0mUQZ6Zzw-U,19
1lpD0MBmFzw,19
PzX-nTEP3o4,19
RXmMUEGLHEc,19
bi7kvMb9AV4,19
d51zMll6yBI,19
dpqBZppB2aQ,19
trujPVUsTdw,19
x3RxyNjyVAA,19
1q-cJoWBQdQ,18
2SbtaqwQMgg,18
TAsm5EWnsos,18
h-jZZsrSTlY,18
s7KPqcLkypg,18
sryy45gw2VE,18
5lKp-Aasaa4,17
BVPTHjCOgNE,17
CDmGx5MgOuU,17
SM--QJaPRz0,17
ZJKGPTWVvLE,17
p39B-nzHPqI,17
pN9HGnRXyo0,17
vzJd-Ah1y10,17
1Xrgy17zsrU,16
9yCAxKRkf7w,16
Boj7qxK_axE,16
D3EmOmFLLa8,16
GrrSGSdDwMc,16
IqLxHd9GbSA,16
UK_rcArlP40,16
Wt92uj8xV2g,16
bQC-2AoL_o8,16
pcL0oasrn2Y,16
-3vSkHAHIs4,15
7ZZq08cW8Y8,15
TCBJuCCfxOM,15
UH2ZNl1aW2A,15
c7Dd-h5udls,15
oNiK7e0iWRs,15
rrhErNZQNGo,15
uhT5WKPJENM,15
vhTEZFE2d-g,15
8EbQ1cc1wq8,14
8rZ-umURx84,14
Dl87y7JGhII,14
ELPPXQy9fm0,14
Gs6VQ4mLKqo,14
LBqTxFGbQbI,14
RE-Vbn5aSHg,14
SRmHOvRJlw0,14
TibrPyFSWEc,14
fQNRodQFibY,14
t92y6pyuOjs,14
zB9XAww_6Xw,14
BVa_qArsxOo,13
Bgu_L-6CwYg,13
FWqoEPLWcJE,13
JwWx6oKLhy4,13
Kf0RHuIy8tw,13
L3-R-hHIqpc,13
OCVyUOcPrGI,13
UF07Sbap2SU,13
YhvruoasfzQ,13
_I-2_Nyj6hk,13
_YfQbQqIxTM,13
_pF_dWjoXfo,13
bjw02qhQetA,13
e5ooQ8biw4M,13
fT3CBLHfskI,13
fyXHVjCPtZM,13
kE1JclQc7So,13
lzeZuTGf6bI,13
tZUWEKyu5LE,13
uM205IqXPFE,13
-_cvo7gHzh0,12
3Gh728MOoOI,12
4SoG5Zi4-0o,12
7_0p-4Rm1Gk,12
C8kqkh39FYg,12
Gp4UR74Pfqo,12
H0GbloUW8OQ,12
K0iZ-IGI0ug,12
LEPjH6dqaEg,12
Uj2_olhS0cs,12
_K1Z5tMwXys,12
kA3CKVWbNSs,12
m0iUNnMNN9U,12
nJZlvj8Dnjw,12
qP5snsmmpEc,12
qTlLQ7H-vXQ,12
vl709hm8gUI,12
w3EliVSw5_A,12
0BB5DKnw6ao,11
48R5J1Z8YLo,11
DuEvl5fpXKc,11
FEung0WpREM,11
LXNmM9M4yXM,11
MkKHnF3gWuA,11
RX5dQGJ4XaU,11
Wy-qbjU6eMU,11
bMLZYSfIjUI,11
d-IZO4gCCfE,11
f-W1X3X3r8k,11
hwHfagaG4a8,11
p2yeF6wzZ70,11
xBwvB892qVc,11
241jzVFbWKc,10
3w7Qp2hb5j4,10
4S6wUAHpLfU,10
5eYJNf8Z-gw,10
68UYBhIte3U,10
AW4-LHe3cUs,10
OYrwOR3PnTs,10
UYFHexKCwU4,10
UuLsxjBeRYM,10
XDEZ1Rj8b0E,10
fUf6534DUmY,10
hMEe8Mcj1nI,10
iFalm-TOSJw,10
khTtDIfpHBw,10
n8EhxCDEcmI,10
46O0IYwYzU0,9
8Wv0Tof7rRo,9
Ht45wkTovUA,9
MOyWoNYIbZ8,9
X0Q-aQ22HOk,9
bhhJ3Pr8UHs,9
eMyQz4hXu9o,9
kuK3HRXw5pk,9
z2n1UCytd40,9
9Y1ih2-F3lk,8
EyzYuRwLVdM,8
GZiw-M0j1nM,8
Igc6PIpbe4Q,8
_-hs2QHigYM,8
epnN16iRsx4,8
h9FzYgiES84,8
ogbKGnc9WJs,8
wzJE-eijh3Y,8
3vFwqpwTRts,7
4v7I97wKImc,7
AqTvAZuwWlU,7
BTdd3TkdwWI,7
NRCiKtQbUEo,7
OJDbuREf5lY,7
SpY1upP3OMM,7
WSgjR-HsGtA,7
Wh9laE-XO4U,7
psWAgEsAxyY,7
JlbetnvaLN8,6
TyzdlTA7k18,6
_TmuLMwfwSM,6
l4jxwidVrys,6
pPG1kXnPjPI,6
xy9m_uTlIuQ,6
3T894LFted0,5
BYumcDY-Log,5
D1DCR6DAOuY,5
GuDL2Bt8wQ8,5
I-AUBNR33Nk,5
K6T3nDxa_eM,5
abG1WRY0C8g,5
kwZfHUj9UOM,5
HVio4LlNrGM,4
bXth1v1cfXI,4
kVGdzlCYPig,4
-zkq6CAbBnI,3
rVYamulhvtU,3
sc3LPKL6Aw0,3
vdkZ5p6PLJg,3
HeJQBW_vyLQ,2
2xKic4fRYi4,1
6wib7tKCuYc,1
FAw8rv2tHzc,1
JNmOD5EVmZA,1
axntaHPEArE,1
qMm0Vm8AbS4,1
uxrH-SS081k,1
video_id,1
